Jill,Doe
Joe,Doe
Justin,Doe
Jane,Doe
John,Doe
1Jill,Doe
1Joe,Doe
1Justin,Doe
1Jane,Doe
1John,Doe
2Jill,Doe
2Joe,Doe
2Justin,Doe
2Jane,Doe
2John,Doe
Jill,Doe
Joe,Doe
Justin,Doe
Jane,Doe
John,Doe
1Jill,Doe
1Joe,Doe
1Justin,Doe
1Jane,Doe
1John,Doe
2Jill,Doe
2Joe,Doe
2Justin,Doe
2Jane,Doe
2John,Doe
Jill,Doe
Joe,Doe
Justin,Doe
Jane,Doe
John,Doe
1Jill,Doe
1Joe,Doe
1Justin,Doe
1Jane,Doe
1John,Doe
2Jill,Doe
2Joe,Doe
2Justin,Doe
2Jane,Doe
2John,Doe
Jill,Doe
Joe,Doe
Justin,Doe
Jane,Doe
John,Doe
1Jill,Doe
1Joe,Doe
1Justin,Doe
1Jane,Doe
1John,Doe
2Jill,Doe
2Joe,Doe
2Justin,Doe
2Jane,Doe
2John,Doe
Jill,Doe
Joe,Doe
Justin,Doe
Jane,Doe
John,Doe
1Jill,Doe
1Joe,Doe
1Justin,Doe
1Jane,Doe
1John,Doe
2Jill,Doe
2Joe,Doe
2Justin,Doe
2Jane,Doe
2John,Doe
Jill,Doe
Joe,Doe
Justin,Doe
Jane,Doe
John,Doe
1Jill,Doe
1Joe,Doe
1Justin,Doe
1Jane,Doe
1John,Doe
2Jill,Doe
2Joe,Doe
2Justin,Doe
2Jane,Doe
2John,Doe
Jill,Doe
Joe,Doe
Justin,Doe
Jane,Doe
John,Doe
1Jill,Doe
1Joe,Doe
1Justin,Doe
1Jane,Doe
1John,Doe
2Jill,Doe
2Joe,Doe
2Justin,Doe
2Jane,Doe
2John,Doe
Jill,Doe
Joe,Doe
Justin,Doe
Jane,Doe
John,Doe
1Jill,Doe
1Joe,Doe
1Justin,Doe
1Jane,Doe
1John,Doe
2Jill,Doe
2Joe,Doe
2Justin,Doe
2Jane,Doe
2John,Doe
Jill,Doe
Joe,Doe
Justin,Doe
Jane,Doe
John,Doe
1Jill,Doe
1Joe,Doe
1Justin,Doe
1Jane,Doe
1John,Doe
2Jill,Doe
2Joe,Doe
2Justin,Doe
2Jane,Doe
2John,Doe
Jill,Doe
Joe,Doe
Justin,Doe
Jane,Doe
John,Doe
1Jill,Doe
1Joe,Doe
1Justin,Doe
1Jane,Doe
1John,Doe
2Jill,Doe
2Joe,Doe
2Justin,Doe
2Jane,Doe
2John,Doe
Jill,Doe
Joe,Doe
Justin,Doe
Jane,Doe
John,Doe
1Jill,Doe
1Joe,Doe
1Justin,Doe
1Jane,Doe
1John,Doe
2Jill,Doe
2Joe,Doe
2Justin,Doe
2Jane,Doe
2John,Doe
Jill,Doe
Joe,Doe
Justin,Doe
Jane,Doe
John,Doe
1Jill,Doe
1Joe,Doe
1Justin,Doe
1Jane,Doe
1John,Doe
2Jill,Doe
2Joe,Doe
2Justin,Doe
2Jane,Doe
2John,Doe
Jill,Doe
Joe,Doe
Justin,Doe
Jane,Doe
John,Doe
1Jill,Doe
1Joe,Doe
1Justin,Doe
1Jane,Doe
1John,Doe
2Jill,Doe
2Joe,Doe
2Justin,Doe
2Jane,Doe
2John,Doe
Jill,Doe
Joe,Doe
Justin,Doe
Jane,Doe
John,Doe
1Jill,Doe
1Joe,Doe
1Justin,Doe
1Jane,Doe
1John,Doe
2Jill,Doe
2Joe,Doe
2Justin,Doe
2Jane,Doe
2John,Doe
Jill,Doe
Joe,Doe
Justin,Doe
Jane,Doe
John,Doe
1Jill,Doe
1Joe,Doe
1Justin,Doe
1Jane,Doe
1John,Doe
2Jill,Doe
2Joe,Doe
2Justin,Doe
2Jane,Doe
2John,Doe
Jill,Doe
Joe,Doe
Justin,Doe
Jane,Doe
John,Doe
1Jill,Doe
1Joe,Doe
1Justin,Doe
1Jane,Doe
1John,Doe
2Jill,Doe
2Joe,Doe
2Justin,Doe
2Jane,Doe
2John,Doe
Jill,Doe
Joe,Doe
Justin,Doe
Jane,Doe
John,Doe
1Jill,Doe
1Joe,Doe
1Justin,Doe
1Jane,Doe
1John,Doe
2Jill,Doe
2Joe,Doe
2Justin,Doe
2Jane,Doe
2John,Doe
Jill,Doe
Joe,Doe
Justin,Doe
Jane,Doe
John,Doe
1Jill,Doe
1Joe,Doe
1Justin,Doe
1Jane,Doe
1John,Doe
2Jill,Doe
2Joe,Doe
2Justin,Doe
2Jane,Doe
2John,Doe
Jill,Doe
Joe,Doe
Justin,Doe
Jane,Doe
John,Doe
1Jill,Doe
1Joe,Doe
1Justin,Doe
1Jane,Doe
1John,Doe
2Jill,Doe
2Joe,Doe
2Justin,Doe
2Jane,Doe
2John,Doe
Jill,Doe
Joe,Doe
Justin,Doe
Jane,Doe
John,Doe
1Jill,Doe
1Joe,Doe
1Justin,Doe
1Jane,Doe
1John,Doe
2Jill,Doe
2Joe,Doe
2Justin,Doe
2Jane,Doe
2John,Doe
Jill,Doe
Joe,Doe
Justin,Doe
Jane,Doe
John,Doe
1Jill,Doe
1Joe,Doe
1Justin,Doe
1Jane,Doe
1John,Doe
2Jill,Doe
2Joe,Doe
2Justin,Doe
2Jane,Doe
2John,Doe
Jill,Doe
Joe,Doe
Justin,Doe
Jane,Doe
John,Doe
1Jill,Doe
1Joe,Doe
1Justin,Doe
1Jane,Doe
1John,Doe
2Jill,Doe
2Joe,Doe
2Justin,Doe
2Jane,Doe
2John,Doe
Jill,Doe
Joe,Doe
Justin,Doe
Jane,Doe
John,Doe
1Jill,Doe
1Joe,Doe
1Justin,Doe
1Jane,Doe
1John,Doe
2Jill,Doe
2Joe,Doe
2Justin,Doe
2Jane,Doe
2John,Doe
Jill,Doe
Joe,Doe
Justin,Doe
Jane,Doe
John,Doe
1Jill,Doe
1Joe,Doe
1Justin,Doe
1Jane,Doe
1John,Doe
2Jill,Doe
2Joe,Doe
2Justin,Doe
2Jane,Doe
2John,Doe
Jill,Doe
Joe,Doe
Justin,Doe
Jane,Doe
John,Doe
1Jill,Doe
1Joe,Doe
1Justin,Doe
1Jane,Doe
1John,Doe
2Jill,Doe
2Joe,Doe
2Justin,Doe
2Jane,Doe
2John,Doe
Jill,Doe
Joe,Doe
Justin,Doe
Jane,Doe
John,Doe
1Jill,Doe
1Joe,Doe
1Justin,Doe
1Jane,Doe
1John,Doe
2Jill,Doe
2Joe,Doe
2Justin,Doe
2Jane,Doe
2John,Doe
Jill,Doe
Joe,Doe
Justin,Doe
Jane,Doe
John,Doe
1Jill,Doe
1Joe,Doe
1Justin,Doe
1Jane,Doe
1John,Doe
2Jill,Doe
2Joe,Doe
2Justin,Doe
2Jane,Doe
2John,Doe
Jill,Doe
Joe,Doe
Justin,Doe
Jane,Doe
John,Doe
1Jill,Doe
1Joe,Doe
1Justin,Doe
1Jane,Doe
1John,Doe
2Jill,Doe
2Joe,Doe
2Justin,Doe
2Jane,Doe
2John,Doe
Jill,Doe
Joe,Doe
Justin,Doe
Jane,Doe
John,Doe
1Jill,Doe
1Joe,Doe
1Justin,Doe
1Jane,Doe
1John,Doe
2Jill,Doe
2Joe,Doe
2Justin,Doe
2Jane,Doe
2John,Doe
Jill,Doe
Joe,Doe
Justin,Doe
Jane,Doe
John,Doe
1Jill,Doe
1Joe,Doe
1Justin,Doe
1Jane,Doe
1John,Doe
2Jill,Doe
2Joe,Doe
2Justin,Doe
2Jane,Doe
2John,Doe
Jill,Doe
Joe,Doe
Justin,Doe
Jane,Doe
John,Doe
1Jill,Doe
1Joe,Doe
1Justin,Doe
1Jane,Doe
1John,Doe
2Jill,Doe
2Joe,Doe
2Justin,Doe
2Jane,Doe
2John,Doe
Jill,Doe
Joe,Doe
Justin,Doe
Jane,Doe
John,Doe
1Jill,Doe
1Joe,Doe
1Justin,Doe
1Jane,Doe
1John,Doe
2Jill,Doe
2Joe,Doe
2Justin,Doe
2Jane,Doe
2John,Doe
Jill,Doe
Joe,Doe
Justin,Doe
Jane,Doe
John,Doe
1Jill,Doe
1Joe,Doe
1Justin,Doe
1Jane,Doe
1John,Doe
2Jill,Doe
2Joe,Doe
2Justin,Doe
2Jane,Doe
2John,Doe
Jill,Doe
Joe,Doe
Justin,Doe
Jane,Doe
John,Doe
1Jill,Doe
1Joe,Doe
1Justin,Doe
1Jane,Doe
1John,Doe
2Jill,Doe
2Joe,Doe
2Justin,Doe
2Jane,Doe
2John,Doe
Jill,Doe
Joe,Doe
Justin,Doe
Jane,Doe
John,Doe
1Jill,Doe
1Joe,Doe
1Justin,Doe
1Jane,Doe
1John,Doe
2Jill,Doe
2Joe,Doe
2Justin,Doe
2Jane,Doe
2John,Doe
Jill,Doe
Joe,Doe
Justin,Doe
Jane,Doe
John,Doe
1Jill,Doe
1Joe,Doe
1Justin,Doe
1Jane,Doe
1John,Doe
2Jill,Doe
2Joe,Doe
2Justin,Doe
2Jane,Doe
2John,Doe
Jill,Doe
Joe,Doe
Justin,Doe
Jane,Doe
John,Doe
1Jill,Doe
1Joe,Doe
1Justin,Doe
1Jane,Doe
1John,Doe
2Jill,Doe
2Joe,Doe
2Justin,Doe
2Jane,Doe
2John,Doe
Jill,Doe
Joe,Doe
Justin,Doe
Jane,Doe
John,Doe
1Jill,Doe
1Joe,Doe
1Justin,Doe
1Jane,Doe
1John,Doe
2Jill,Doe
2Joe,Doe
2Justin,Doe
2Jane,Doe
2John,Doe
Jill,Doe
Joe,Doe
Justin,Doe
Jane,Doe
John,Doe
1Jill,Doe
1Joe,Doe
1Justin,Doe
1Jane,Doe
1John,Doe
2Jill,Doe
2Joe,Doe
2Justin,Doe
2Jane,Doe
2John,Doe
Jill,Doe
Joe,Doe
Justin,Doe
Jane,Doe
John,Doe
1Jill,Doe
1Joe,Doe
1Justin,Doe
1Jane,Doe
1John,Doe
2Jill,Doe
2Joe,Doe
2Justin,Doe
2Jane,Doe
2John,Doe
Jill,Doe
Joe,Doe
Justin,Doe
Jane,Doe
John,Doe
1Jill,Doe
1Joe,Doe
1Justin,Doe
1Jane,Doe
1John,Doe
2Jill,Doe
2Joe,Doe
2Justin,Doe
2Jane,Doe
2John,Doe
Jill,Doe
Joe,Doe
Justin,Doe
Jane,Doe
John,Doe
1Jill,Doe
1Joe,Doe
1Justin,Doe
1Jane,Doe
1John,Doe
2Jill,Doe
2Joe,Doe
2Justin,Doe
2Jane,Doe
2John,Doe
Jill,Doe
Joe,Doe
Justin,Doe
Jane,Doe
John,Doe
1Jill,Doe
1Joe,Doe
1Justin,Doe
1Jane,Doe
1John,Doe
2Jill,Doe
2Joe,Doe
2Justin,Doe
2Jane,Doe
2John,Doe
Jill,Doe
Joe,Doe
Justin,Doe
Jane,Doe
John,Doe
1Jill,Doe
1Joe,Doe
1Justin,Doe
1Jane,Doe
1John,Doe
2Jill,Doe
2Joe,Doe
2Justin,Doe
2Jane,Doe
2John,Doe
Jill,Doe
Joe,Doe
Justin,Doe
Jane,Doe
John,Doe
1Jill,Doe
1Joe,Doe
1Justin,Doe
1Jane,Doe
1John,Doe
2Jill,Doe
2Joe,Doe
2Justin,Doe
2Jane,Doe
2John,Doe
Jill,Doe
Joe,Doe
Justin,Doe
Jane,Doe
John,Doe
1Jill,Doe
1Joe,Doe
1Justin,Doe
1Jane,Doe
1John,Doe
2Jill,Doe
2Joe,Doe
2Justin,Doe
2Jane,Doe
2John,Doe
Jill,Doe
Joe,Doe
Justin,Doe
Jane,Doe
John,Doe
1Jill,Doe
1Joe,Doe
1Justin,Doe
1Jane,Doe
1John,Doe
2Jill,Doe
2Joe,Doe
2Justin,Doe
2Jane,Doe
2John,Doe
Jill,Doe
Joe,Doe
Justin,Doe
Jane,Doe
John,Doe
1Jill,Doe
1Joe,Doe
1Justin,Doe
1Jane,Doe
1John,Doe
2Jill,Doe
2Joe,Doe
2Justin,Doe
2Jane,Doe
2John,Doe
Jill,Doe
Joe,Doe
Justin,Doe
Jane,Doe
John,Doe
1Jill,Doe
1Joe,Doe
1Justin,Doe
1Jane,Doe
1John,Doe
2Jill,Doe
2Joe,Doe
2Justin,Doe
2Jane,Doe
2John,Doe
Jill,Doe
Joe,Doe
Justin,Doe
Jane,Doe
John,Doe
1Jill,Doe
1Joe,Doe
1Justin,Doe
1Jane,Doe
1John,Doe
2Jill,Doe
2Joe,Doe
2Justin,Doe
2Jane,Doe
2John,Doe
Jill,Doe
Joe,Doe
Justin,Doe
Jane,Doe
John,Doe
1Jill,Doe
1Joe,Doe
1Justin,Doe
1Jane,Doe
1John,Doe
2Jill,Doe
2Joe,Doe
2Justin,Doe
2Jane,Doe
2John,Doe
Jill,Doe
Joe,Doe
Justin,Doe
Jane,Doe
John,Doe
1Jill,Doe
1Joe,Doe
1Justin,Doe
1Jane,Doe
1John,Doe
2Jill,Doe
2Joe,Doe
2Justin,Doe
2Jane,Doe
2John,Doe
Jill,Doe
Joe,Doe
Justin,Doe
Jane,Doe
John,Doe
1Jill,Doe
1Joe,Doe
1Justin,Doe
1Jane,Doe
1John,Doe
2Jill,Doe
2Joe,Doe
2Justin,Doe
2Jane,Doe
2John,Doe
Jill,Doe
Joe,Doe
Justin,Doe
Jane,Doe
John,Doe
1Jill,Doe
1Joe,Doe
1Justin,Doe
1Jane,Doe
1John,Doe
2Jill,Doe
2Joe,Doe
2Justin,Doe
2Jane,Doe
2John,Doe
Jill,Doe
Joe,Doe
Justin,Doe
Jane,Doe
John,Doe
1Jill,Doe
1Joe,Doe
1Justin,Doe
1Jane,Doe
1John,Doe
2Jill,Doe
2Joe,Doe
2Justin,Doe
2Jane,Doe
2John,Doe
Jill,Doe
Joe,Doe
Justin,Doe
Jane,Doe
John,Doe
1Jill,Doe
1Joe,Doe
1Justin,Doe
1Jane,Doe
1John,Doe
2Jill,Doe
2Joe,Doe
2Justin,Doe
2Jane,Doe
2John,Doe
Jill,Doe
Joe,Doe
Justin,Doe
Jane,Doe
John,Doe
1Jill,Doe
1Joe,Doe
1Justin,Doe
1Jane,Doe
1John,Doe
2Jill,Doe
2Joe,Doe
2Justin,Doe
2Jane,Doe
2John,Doe
Jill,Doe
Joe,Doe
Justin,Doe
Jane,Doe
John,Doe
1Jill,Doe
1Joe,Doe
1Justin,Doe
1Jane,Doe
1John,Doe
2Jill,Doe
2Joe,Doe
2Justin,Doe
2Jane,Doe
2John,Doe
Jill,Doe
Joe,Doe
Justin,Doe
Jane,Doe
John,Doe
1Jill,Doe
1Joe,Doe
1Justin,Doe
1Jane,Doe
1John,Doe
2Jill,Doe
2Joe,Doe
2Justin,Doe
2Jane,Doe
2John,Doe
Jill,Doe
Joe,Doe
Justin,Doe
Jane,Doe
John,Doe
1Jill,Doe
1Joe,Doe
1Justin,Doe
1Jane,Doe
1John,Doe
2Jill,Doe
2Joe,Doe
2Justin,Doe
2Jane,Doe
2John,Doe
Jill,Doe
Joe,Doe
Justin,Doe
Jane,Doe
John,Doe
1Jill,Doe
1Joe,Doe
1Justin,Doe
1Jane,Doe
1John,Doe
2Jill,Doe
2Joe,Doe
2Justin,Doe
2Jane,Doe
2John,Doe
Jill,Doe
Joe,Doe
Justin,Doe
Jane,Doe
John,Doe
1Jill,Doe
1Joe,Doe
1Justin,Doe
1Jane,Doe
1John,Doe
2Jill,Doe
2Joe,Doe
2Justin,Doe
2Jane,Doe
2John,Doe
Jill,Doe
Joe,Doe
Justin,Doe
Jane,Doe
John,Doe
1Jill,Doe
1Joe,Doe
1Justin,Doe
1Jane,Doe
1John,Doe
2Jill,Doe
2Joe,Doe
2Justin,Doe
2Jane,Doe
2John,Doe
Jill,Doe
Joe,Doe
Justin,Doe
Jane,Doe
John,Doe
1Jill,Doe
1Joe,Doe
1Justin,Doe
1Jane,Doe
1John,Doe
2Jill,Doe
2Joe,Doe
2Justin,Doe
2Jane,Doe
2John,Doe
Jill,Doe
Joe,Doe
Justin,Doe
Jane,Doe
John,Doe
1Jill,Doe
1Joe,Doe
1Justin,Doe
1Jane,Doe
1John,Doe
2Jill,Doe
2Joe,Doe
2Justin,Doe
2Jane,Doe
2John,Doe
Jill,Doe
Joe,Doe
Justin,Doe
Jane,Doe
John,Doe
1Jill,Doe
1Joe,Doe
1Justin,Doe
1Jane,Doe
1John,Doe
2Jill,Doe
2Joe,Doe
2Justin,Doe
2Jane,Doe
2John,Doe
Jill,Doe
Joe,Doe
Justin,Doe
Jane,Doe
John,Doe
1Jill,Doe
1Joe,Doe
1Justin,Doe
1Jane,Doe
1John,Doe
2Jill,Doe
2Joe,Doe
2Justin,Doe
2Jane,Doe
2John,Doe
Jill,Doe
Joe,Doe
Justin,Doe
Jane,Doe
John,Doe
1Jill,Doe
1Joe,Doe
1Justin,Doe
1Jane,Doe
1John,Doe
2Jill,Doe
2Joe,Doe
2Justin,Doe
2Jane,Doe
2John,Doe
Jill,Doe
Joe,Doe
Justin,Doe
Jane,Doe
John,Doe
1Jill,Doe
1Joe,Doe
1Justin,Doe
1Jane,Doe
1John,Doe
2Jill,Doe
2Joe,Doe
2Justin,Doe
2Jane,Doe
2John,Doe
Jill,Doe
Joe,Doe
Justin,Doe
Jane,Doe
John,Doe
1Jill,Doe
1Joe,Doe
1Justin,Doe
1Jane,Doe
1John,Doe
2Jill,Doe
2Joe,Doe
2Justin,Doe
2Jane,Doe
2John,Doe
Jill,Doe
Joe,Doe
Justin,Doe
Jane,Doe
John,Doe
1Jill,Doe
1Joe,Doe
1Justin,Doe
1Jane,Doe
1John,Doe
2Jill,Doe
2Joe,Doe
2Justin,Doe
2Jane,Doe
2John,Doe
Jill,Doe
Joe,Doe
Justin,Doe
Jane,Doe
John,Doe
1Jill,Doe
1Joe,Doe
1Justin,Doe
1Jane,Doe
1John,Doe
2Jill,Doe
2Joe,Doe
2Justin,Doe
2Jane,Doe
2John,Doe
Jill,Doe
Joe,Doe
Justin,Doe
Jane,Doe
John,Doe
1Jill,Doe
1Joe,Doe
1Justin,Doe
1Jane,Doe
1John,Doe
2Jill,Doe
2Joe,Doe
2Justin,Doe
2Jane,Doe
2John,Doe
Jill,Doe
Joe,Doe
Justin,Doe
Jane,Doe
John,Doe
1Jill,Doe
1Joe,Doe
1Justin,Doe
1Jane,Doe
1John,Doe
2Jill,Doe
2Joe,Doe
2Justin,Doe
2Jane,Doe
2John,Doe
Jill,Doe
Joe,Doe
Justin,Doe
Jane,Doe
John,Doe
1Jill,Doe
1Joe,Doe
1Justin,Doe
1Jane,Doe
1John,Doe
2Jill,Doe
2Joe,Doe
2Justin,Doe
2Jane,Doe
2John,Doe
Jill,Doe
Joe,Doe
Justin,Doe
Jane,Doe
John,Doe
1Jill,Doe
1Joe,Doe
1Justin,Doe
1Jane,Doe
1John,Doe
2Jill,Doe
2Joe,Doe
2Justin,Doe
2Jane,Doe
2John,Doe
Jill,Doe
Joe,Doe
Justin,Doe
Jane,Doe
John,Doe
1Jill,Doe
1Joe,Doe
1Justin,Doe
1Jane,Doe
1John,Doe
2Jill,Doe
2Joe,Doe
2Justin,Doe
2Jane,Doe
2John,Doe
Jill,Doe
Joe,Doe
Justin,Doe
Jane,Doe
John,Doe
1Jill,Doe
1Joe,Doe
1Justin,Doe
1Jane,Doe
1John,Doe
2Jill,Doe
2Joe,Doe
2Justin,Doe
2Jane,Doe
2John,Doe
Jill,Doe
Joe,Doe
Justin,Doe
Jane,Doe
John,Doe
1Jill,Doe
1Joe,Doe
1Justin,Doe
1Jane,Doe
1John,Doe
2Jill,Doe
2Joe,Doe
2Justin,Doe
2Jane,Doe
2John,Doe
Jill,Doe
Joe,Doe
Justin,Doe
Jane,Doe
John,Doe
1Jill,Doe
1Joe,Doe
1Justin,Doe
1Jane,Doe
1John,Doe
2Jill,Doe
2Joe,Doe
2Justin,Doe
2Jane,Doe
2John,Doe
Jill,Doe
Joe,Doe
Justin,Doe
Jane,Doe
John,Doe
1Jill,Doe
1Joe,Doe
1Justin,Doe
1Jane,Doe
1John,Doe
2Jill,Doe
2Joe,Doe
2Justin,Doe
2Jane,Doe
2John,Doe
Jill,Doe
Joe,Doe
Justin,Doe
Jane,Doe
John,Doe
1Jill,Doe
1Joe,Doe
1Justin,Doe
1Jane,Doe
1John,Doe
2Jill,Doe
2Joe,Doe
2Justin,Doe
2Jane,Doe
2John,Doe
Jill,Doe
Joe,Doe
Justin,Doe
Jane,Doe
John,Doe
1Jill,Doe
1Joe,Doe
1Justin,Doe
1Jane,Doe
1John,Doe
2Jill,Doe
2Joe,Doe
2Justin,Doe
2Jane,Doe
2John,Doe
Jill,Doe
Joe,Doe
Justin,Doe
Jane,Doe
John,Doe
1Jill,Doe
1Joe,Doe
1Justin,Doe
1Jane,Doe
1John,Doe
2Jill,Doe
2Joe,Doe
2Justin,Doe
2Jane,Doe
2John,Doe
Jill,Doe
Joe,Doe
Justin,Doe
Jane,Doe
John,Doe
1Jill,Doe
1Joe,Doe
1Justin,Doe
1Jane,Doe
1John,Doe
2Jill,Doe
2Joe,Doe
2Justin,Doe
2Jane,Doe
2John,Doe
Jill,Doe
Joe,Doe
Justin,Doe
Jane,Doe
John,Doe
1Jill,Doe
1Joe,Doe
1Justin,Doe
1Jane,Doe
1John,Doe
2Jill,Doe
2Joe,Doe
2Justin,Doe
2Jane,Doe
2John,Doe
Jill,Doe
Joe,Doe
Justin,Doe
Jane,Doe
John,Doe
1Jill,Doe
1Joe,Doe
1Justin,Doe
1Jane,Doe
1John,Doe
2Jill,Doe
2Joe,Doe
2Justin,Doe
2Jane,Doe
2John,Doe
Jill,Doe
Joe,Doe
Justin,Doe
Jane,Doe
John,Doe
1Jill,Doe
1Joe,Doe
1Justin,Doe
1Jane,Doe
1John,Doe
2Jill,Doe
2Joe,Doe
2Justin,Doe
2Jane,Doe
2John,Doe
Jill,Doe
Joe,Doe
Justin,Doe
Jane,Doe
John,Doe
1Jill,Doe
1Joe,Doe
1Justin,Doe
1Jane,Doe
1John,Doe
2Jill,Doe
2Joe,Doe
2Justin,Doe
2Jane,Doe
2John,Doe
Jill,Doe
Joe,Doe
Justin,Doe
Jane,Doe
John,Doe
1Jill,Doe
1Joe,Doe
1Justin,Doe
1Jane,Doe
1John,Doe
2Jill,Doe
2Joe,Doe
2Justin,Doe
2Jane,Doe
2John,Doe
Jill,Doe
Joe,Doe
Justin,Doe
Jane,Doe
John,Doe
1Jill,Doe
1Joe,Doe
1Justin,Doe
1Jane,Doe
1John,Doe
2Jill,Doe
2Joe,Doe
2Justin,Doe
2Jane,Doe
2John,Doe
Jill,Doe
Joe,Doe
Justin,Doe
Jane,Doe
John,Doe
1Jill,Doe
1Joe,Doe
1Justin,Doe
1Jane,Doe
1John,Doe
2Jill,Doe
2Joe,Doe
2Justin,Doe
2Jane,Doe
2John,Doe
Jill,Doe
Joe,Doe
Justin,Doe
Jane,Doe
John,Doe
1Jill,Doe
1Joe,Doe
1Justin,Doe
1Jane,Doe
1John,Doe
2Jill,Doe
2Joe,Doe
2Justin,Doe
2Jane,Doe
2John,Doe
Jill,Doe
Joe,Doe
Justin,Doe
Jane,Doe
John,Doe
1Jill,Doe
1Joe,Doe
1Justin,Doe
1Jane,Doe
1John,Doe
2Jill,Doe
2Joe,Doe
2Justin,Doe
2Jane,Doe
2John,Doe
Jill,Doe
Joe,Doe
Justin,Doe
Jane,Doe
John,Doe
1Jill,Doe
1Joe,Doe
1Justin,Doe
1Jane,Doe
1John,Doe
2Jill,Doe
2Joe,Doe
2Justin,Doe
2Jane,Doe
2John,Doe
Jill,Doe
Joe,Doe
Justin,Doe
Jane,Doe
John,Doe
1Jill,Doe
1Joe,Doe
1Justin,Doe
1Jane,Doe
1John,Doe
2Jill,Doe
2Joe,Doe
2Justin,Doe
2Jane,Doe
2John,Doe
Jill,Doe
Joe,Doe
Justin,Doe
Jane,Doe
John,Doe
1Jill,Doe
1Joe,Doe
1Justin,Doe
1Jane,Doe
1John,Doe
2Jill,Doe
2Joe,Doe
2Justin,Doe
2Jane,Doe
2John,Doe
Jill,Doe
Joe,Doe
Justin,Doe
Jane,Doe
John,Doe
1Jill,Doe
1Joe,Doe
1Justin,Doe
1Jane,Doe
1John,Doe
2Jill,Doe
2Joe,Doe
2Justin,Doe
2Jane,Doe
2John,Doe
Jill,Doe
Joe,Doe
Justin,Doe
Jane,Doe
John,Doe
1Jill,Doe
1Joe,Doe
1Justin,Doe
1Jane,Doe
1John,Doe
2Jill,Doe
2Joe,Doe
2Justin,Doe
2Jane,Doe
2John,Doe
Jill,Doe
Joe,Doe
Justin,Doe
Jane,Doe
John,Doe
1Jill,Doe
1Joe,Doe
1Justin,Doe
1Jane,Doe
1John,Doe
2Jill,Doe
2Joe,Doe
2Justin,Doe
2Jane,Doe
2John,Doe
Jill,Doe
Joe,Doe
Justin,Doe
Jane,Doe
John,Doe
1Jill,Doe
1Joe,Doe
1Justin,Doe
1Jane,Doe
1John,Doe
2Jill,Doe
2Joe,Doe
2Justin,Doe
2Jane,Doe
2John,Doe
Jill,Doe
Joe,Doe
Justin,Doe
Jane,Doe
John,Doe
1Jill,Doe
1Joe,Doe
1Justin,Doe
1Jane,Doe
1John,Doe
2Jill,Doe
2Joe,Doe
2Justin,Doe
2Jane,Doe
2John,Doe
Jill,Doe
Joe,Doe
Justin,Doe
Jane,Doe
John,Doe
1Jill,Doe
1Joe,Doe
1Justin,Doe
1Jane,Doe
1John,Doe
2Jill,Doe
2Joe,Doe
2Justin,Doe
2Jane,Doe
2John,Doe
Jill,Doe
Joe,Doe
Justin,Doe
Jane,Doe
John,Doe
1Jill,Doe
1Joe,Doe
1Justin,Doe
1Jane,Doe
1John,Doe
2Jill,Doe
2Joe,Doe
2Justin,Doe
2Jane,Doe
2John,Doe
Jill,Doe
Joe,Doe
Justin,Doe
Jane,Doe
John,Doe
1Jill,Doe
1Joe,Doe
1Justin,Doe
1Jane,Doe
1John,Doe
2Jill,Doe
2Joe,Doe
2Justin,Doe
2Jane,Doe
2John,Doe
Jill,Doe
Joe,Doe
Justin,Doe
Jane,Doe
John,Doe
1Jill,Doe
1Joe,Doe
1Justin,Doe
1Jane,Doe
1John,Doe
2Jill,Doe
2Joe,Doe
2Justin,Doe
2Jane,Doe
2John,Doe
Jill,Doe
Joe,Doe
Justin,Doe
Jane,Doe
John,Doe
1Jill,Doe
1Joe,Doe
1Justin,Doe
1Jane,Doe
1John,Doe
2Jill,Doe
2Joe,Doe
2Justin,Doe
2Jane,Doe
2John,Doe
Jill,Doe
Joe,Doe
Justin,Doe
Jane,Doe
John,Doe
1Jill,Doe
1Joe,Doe
1Justin,Doe
1Jane,Doe
1John,Doe
2Jill,Doe
2Joe,Doe
2Justin,Doe
2Jane,Doe
2John,Doe
Jill,Doe
Joe,Doe
Justin,Doe
Jane,Doe
John,Doe
1Jill,Doe
1Joe,Doe
1Justin,Doe
1Jane,Doe
1John,Doe
2Jill,Doe
2Joe,Doe
2Justin,Doe
2Jane,Doe
2John,Doe
Jill,Doe
Joe,Doe
Justin,Doe
Jane,Doe
John,Doe
1Jill,Doe
1Joe,Doe
1Justin,Doe
1Jane,Doe
1John,Doe
2Jill,Doe
2Joe,Doe
2Justin,Doe
2Jane,Doe
2John,Doe
Jill,Doe
Joe,Doe
Justin,Doe
Jane,Doe
John,Doe
1Jill,Doe
1Joe,Doe
1Justin,Doe
1Jane,Doe
1John,Doe
2Jill,Doe
2Joe,Doe
2Justin,Doe
2Jane,Doe
2John,Doe
Jill,Doe
Joe,Doe
Justin,Doe
Jane,Doe
John,Doe
1Jill,Doe
1Joe,Doe
1Justin,Doe
1Jane,Doe
1John,Doe
2Jill,Doe
2Joe,Doe
2Justin,Doe
2Jane,Doe
2John,Doe
Jill,Doe
Joe,Doe
Justin,Doe
Jane,Doe
John,Doe
1Jill,Doe
1Joe,Doe
1Justin,Doe
1Jane,Doe
1John,Doe
2Jill,Doe
2Joe,Doe
2Justin,Doe
2Jane,Doe
2John,Doe
Jill,Doe
Joe,Doe
Justin,Doe
Jane,Doe
John,Doe
1Jill,Doe
1Joe,Doe
1Justin,Doe
1Jane,Doe
1John,Doe
2Jill,Doe
2Joe,Doe
2Justin,Doe
2Jane,Doe
2John,Doe
Jill,Doe
Joe,Doe
Justin,Doe
Jane,Doe
John,Doe
1Jill,Doe
1Joe,Doe
1Justin,Doe
1Jane,Doe
1John,Doe
2Jill,Doe
2Joe,Doe
2Justin,Doe
2Jane,Doe
2John,Doe
Jill,Doe
Joe,Doe
Justin,Doe
Jane,Doe
John,Doe
1Jill,Doe
1Joe,Doe
1Justin,Doe
1Jane,Doe
1John,Doe
2Jill,Doe
2Joe,Doe
2Justin,Doe
2Jane,Doe
2John,Doe
Jill,Doe
Joe,Doe
Justin,Doe
Jane,Doe
John,Doe
1Jill,Doe
1Joe,Doe
1Justin,Doe
1Jane,Doe
1John,Doe
2Jill,Doe
2Joe,Doe
2Justin,Doe
2Jane,Doe
2John,Doe
Jill,Doe
Joe,Doe
Justin,Doe
Jane,Doe
John,Doe
1Jill,Doe
1Joe,Doe
1Justin,Doe
1Jane,Doe
1John,Doe
2Jill,Doe
2Joe,Doe
2Justin,Doe
2Jane,Doe
2John,Doe
Jill,Doe
Joe,Doe
Justin,Doe
Jane,Doe
John,Doe
1Jill,Doe
1Joe,Doe
1Justin,Doe
1Jane,Doe
1John,Doe
2Jill,Doe
2Joe,Doe
2Justin,Doe
2Jane,Doe
2John,Doe
Jill,Doe
Joe,Doe
Justin,Doe
Jane,Doe
John,Doe
1Jill,Doe
1Joe,Doe
1Justin,Doe
1Jane,Doe
1John,Doe
2Jill,Doe
2Joe,Doe
2Justin,Doe
2Jane,Doe
2John,Doe
Jill,Doe
Joe,Doe
Justin,Doe
Jane,Doe
John,Doe
1Jill,Doe
1Joe,Doe
1Justin,Doe
1Jane,Doe
1John,Doe
2Jill,Doe
2Joe,Doe
2Justin,Doe
2Jane,Doe
2John,Doe
Jill,Doe
Joe,Doe
Justin,Doe
Jane,Doe
John,Doe
1Jill,Doe
1Joe,Doe
1Justin,Doe
1Jane,Doe
1John,Doe
2Jill,Doe
2Joe,Doe
2Justin,Doe
2Jane,Doe
2John,Doe
Jill,Doe
Joe,Doe
Justin,Doe
Jane,Doe
John,Doe
1Jill,Doe
1Joe,Doe
1Justin,Doe
1Jane,Doe
1John,Doe
2Jill,Doe
2Joe,Doe
2Justin,Doe
2Jane,Doe
2John,Doe
Jill,Doe
Joe,Doe
Justin,Doe
Jane,Doe
John,Doe
1Jill,Doe
1Joe,Doe
1Justin,Doe
1Jane,Doe
1John,Doe
2Jill,Doe
2Joe,Doe
2Justin,Doe
2Jane,Doe
2John,Doe
Jill,Doe
Joe,Doe
Justin,Doe
Jane,Doe
John,Doe
1Jill,Doe
1Joe,Doe
1Justin,Doe
1Jane,Doe
1John,Doe
2Jill,Doe
2Joe,Doe
2Justin,Doe
2Jane,Doe
2John,Doe
Jill,Doe
Joe,Doe
Justin,Doe
Jane,Doe
John,Doe
1Jill,Doe
1Joe,Doe
1Justin,Doe
1Jane,Doe
1John,Doe
2Jill,Doe
2Joe,Doe
2Justin,Doe
2Jane,Doe
2John,Doe
Jill,Doe
Joe,Doe
Justin,Doe
Jane,Doe
John,Doe
1Jill,Doe
1Joe,Doe
1Justin,Doe
1Jane,Doe
1John,Doe
2Jill,Doe
2Joe,Doe
2Justin,Doe
2Jane,Doe
2John,Doe
Jill,Doe
Joe,Doe
Justin,Doe
Jane,Doe
John,Doe
1Jill,Doe
1Joe,Doe
1Justin,Doe
1Jane,Doe
1John,Doe
2Jill,Doe
2Joe,Doe
2Justin,Doe
2Jane,Doe
2John,Doe
Jill,Doe
Joe,Doe
Justin,Doe
Jane,Doe
John,Doe
1Jill,Doe
1Joe,Doe
1Justin,Doe
1Jane,Doe
1John,Doe
2Jill,Doe
2Joe,Doe
2Justin,Doe
2Jane,Doe
2John,Doe
Jill,Doe
Joe,Doe
Justin,Doe
Jane,Doe
John,Doe
1Jill,Doe
1Joe,Doe
1Justin,Doe
1Jane,Doe
1John,Doe
2Jill,Doe
2Joe,Doe
2Justin,Doe
2Jane,Doe
2John,Doe
Jill,Doe
Joe,Doe
Justin,Doe
Jane,Doe
John,Doe
1Jill,Doe
1Joe,Doe
1Justin,Doe
1Jane,Doe
1John,Doe
2Jill,Doe
2Joe,Doe
2Justin,Doe
2Jane,Doe
2John,Doe
Jill,Doe
Joe,Doe
Justin,Doe
Jane,Doe
John,Doe
1Jill,Doe
1Joe,Doe
1Justin,Doe
1Jane,Doe
1John,Doe
2Jill,Doe
2Joe,Doe
2Justin,Doe
2Jane,Doe
2John,Doe
Jill,Doe
Joe,Doe
Justin,Doe
Jane,Doe
John,Doe
1Jill,Doe
1Joe,Doe
1Justin,Doe
1Jane,Doe
1John,Doe
2Jill,Doe
2Joe,Doe
2Justin,Doe
2Jane,Doe
2John,Doe
Jill,Doe
Joe,Doe
Justin,Doe
Jane,Doe
John,Doe
1Jill,Doe
1Joe,Doe
1Justin,Doe
1Jane,Doe
1John,Doe
2Jill,Doe
2Joe,Doe
2Justin,Doe
2Jane,Doe
2John,Doe
Jill,Doe
Joe,Doe
Justin,Doe
Jane,Doe
John,Doe
1Jill,Doe
1Joe,Doe
1Justin,Doe
1Jane,Doe
1John,Doe
2Jill,Doe
2Joe,Doe
2Justin,Doe
2Jane,Doe
2John,Doe
Jill,Doe
Joe,Doe
Justin,Doe
Jane,Doe
John,Doe
1Jill,Doe
1Joe,Doe
1Justin,Doe
1Jane,Doe
1John,Doe
2Jill,Doe
2Joe,Doe
2Justin,Doe
2Jane,Doe
2John,Doe
Jill,Doe
Joe,Doe
Justin,Doe
Jane,Doe
John,Doe
1Jill,Doe
1Joe,Doe
1Justin,Doe
1Jane,Doe
1John,Doe
2Jill,Doe
2Joe,Doe
2Justin,Doe
2Jane,Doe
2John,Doe
Jill,Doe
Joe,Doe
Justin,Doe
Jane,Doe
John,Doe
1Jill,Doe
1Joe,Doe
1Justin,Doe
1Jane,Doe
1John,Doe
2Jill,Doe
2Joe,Doe
2Justin,Doe
2Jane,Doe
2John,Doe
Jill,Doe
Joe,Doe
Justin,Doe
Jane,Doe
John,Doe
1Jill,Doe
1Joe,Doe
1Justin,Doe
1Jane,Doe
1John,Doe
2Jill,Doe
2Joe,Doe
2Justin,Doe
2Jane,Doe
2John,Doe
Jill,Doe
Joe,Doe
Justin,Doe
Jane,Doe
John,Doe
1Jill,Doe
1Joe,Doe
1Justin,Doe
1Jane,Doe
1John,Doe
2Jill,Doe
2Joe,Doe
2Justin,Doe
2Jane,Doe
2John,Doe
Jill,Doe
Joe,Doe
Justin,Doe
Jane,Doe
John,Doe
1Jill,Doe
1Joe,Doe
1Justin,Doe
1Jane,Doe
1John,Doe
2Jill,Doe
2Joe,Doe
2Justin,Doe
2Jane,Doe
2John,Doe
Jill,Doe
Joe,Doe
Justin,Doe
Jane,Doe
John,Doe
1Jill,Doe
1Joe,Doe
1Justin,Doe
1Jane,Doe
1John,Doe
2Jill,Doe
2Joe,Doe
2Justin,Doe
2Jane,Doe
2John,Doe
Jill,Doe
Joe,Doe
Justin,Doe
Jane,Doe
John,Doe
1Jill,Doe
1Joe,Doe
1Justin,Doe
1Jane,Doe
1John,Doe
2Jill,Doe
2Joe,Doe
2Justin,Doe
2Jane,Doe
2John,Doe
Jill,Doe
Joe,Doe
Justin,Doe
Jane,Doe
John,Doe
1Jill,Doe
1Joe,Doe
1Justin,Doe
1Jane,Doe
1John,Doe
2Jill,Doe
2Joe,Doe
2Justin,Doe
2Jane,Doe
2John,Doe
Jill,Doe
Joe,Doe
Justin,Doe
Jane,Doe
John,Doe
1Jill,Doe
1Joe,Doe
1Justin,Doe
1Jane,Doe
1John,Doe
2Jill,Doe
2Joe,Doe
2Justin,Doe
2Jane,Doe
2John,Doe
Jill,Doe
Joe,Doe
Justin,Doe
Jane,Doe
John,Doe
1Jill,Doe
1Joe,Doe
1Justin,Doe
1Jane,Doe
1John,Doe
2Jill,Doe
2Joe,Doe
2Justin,Doe
2Jane,Doe
2John,Doe
Jill,Doe
Joe,Doe
Justin,Doe
Jane,Doe
John,Doe
1Jill,Doe
1Joe,Doe
1Justin,Doe
1Jane,Doe
1John,Doe
2Jill,Doe
2Joe,Doe
2Justin,Doe
2Jane,Doe
2John,Doe
Jill,Doe
Joe,Doe
Justin,Doe
Jane,Doe
John,Doe
1Jill,Doe
1Joe,Doe
1Justin,Doe
1Jane,Doe
1John,Doe
2Jill,Doe
2Joe,Doe
2Justin,Doe
2Jane,Doe
2John,Doe
Jill,Doe
Joe,Doe
Justin,Doe
Jane,Doe
John,Doe
1Jill,Doe
1Joe,Doe
1Justin,Doe
1Jane,Doe
1John,Doe
2Jill,Doe
2Joe,Doe
2Justin,Doe
2Jane,Doe
2John,Doe
Jill,Doe
Joe,Doe
Justin,Doe
Jane,Doe
John,Doe
1Jill,Doe
1Joe,Doe
1Justin,Doe
1Jane,Doe
1John,Doe
2Jill,Doe
2Joe,Doe
2Justin,Doe
2Jane,Doe
2John,Doe
Jill,Doe
Joe,Doe
Justin,Doe
Jane,Doe
John,Doe
1Jill,Doe
1Joe,Doe
1Justin,Doe
1Jane,Doe
1John,Doe
2Jill,Doe
2Joe,Doe
2Justin,Doe
2Jane,Doe
2John,Doe
Jill,Doe
Joe,Doe
Justin,Doe
Jane,Doe
John,Doe
1Jill,Doe
1Joe,Doe
1Justin,Doe
1Jane,Doe
1John,Doe
2Jill,Doe
2Joe,Doe
2Justin,Doe
2Jane,Doe
2John,Doe
Jill,Doe
Joe,Doe
Justin,Doe
Jane,Doe
John,Doe
1Jill,Doe
1Joe,Doe
1Justin,Doe
1Jane,Doe
1John,Doe
2Jill,Doe
2Joe,Doe
2Justin,Doe
2Jane,Doe
2John,Doe
Jill,Doe
Joe,Doe
Justin,Doe
Jane,Doe
John,Doe
1Jill,Doe
1Joe,Doe
1Justin,Doe
1Jane,Doe
1John,Doe
2Jill,Doe
2Joe,Doe
2Justin,Doe
2Jane,Doe
2John,Doe
Jill,Doe
Joe,Doe
Justin,Doe
Jane,Doe
John,Doe
1Jill,Doe
1Joe,Doe
1Justin,Doe
1Jane,Doe
1John,Doe
2Jill,Doe
2Joe,Doe
2Justin,Doe
2Jane,Doe
2John,Doe
Jill,Doe
Joe,Doe
Justin,Doe
Jane,Doe
John,Doe
1Jill,Doe
1Joe,Doe
1Justin,Doe
1Jane,Doe
1John,Doe
2Jill,Doe
2Joe,Doe
2Justin,Doe
2Jane,Doe
2John,Doe
Jill,Doe
Joe,Doe
Justin,Doe
Jane,Doe
John,Doe
1Jill,Doe
1Joe,Doe
1Justin,Doe
1Jane,Doe
1John,Doe
2Jill,Doe
2Joe,Doe
2Justin,Doe
2Jane,Doe
2John,Doe
Jill,Doe
Joe,Doe
Justin,Doe
Jane,Doe
John,Doe
1Jill,Doe
1Joe,Doe
1Justin,Doe
1Jane,Doe
1John,Doe
2Jill,Doe
2Joe,Doe
2Justin,Doe
2Jane,Doe
2John,Doe
Jill,Doe
Joe,Doe
Justin,Doe
Jane,Doe
John,Doe
1Jill,Doe
1Joe,Doe
1Justin,Doe
1Jane,Doe
1John,Doe
2Jill,Doe
2Joe,Doe
2Justin,Doe
2Jane,Doe
2John,Doe
Jill,Doe
Joe,Doe
Justin,Doe
Jane,Doe
John,Doe
1Jill,Doe
1Joe,Doe
1Justin,Doe
1Jane,Doe
1John,Doe
2Jill,Doe
2Joe,Doe
2Justin,Doe
2Jane,Doe
2John,Doe
Jill,Doe
Joe,Doe
Justin,Doe
Jane,Doe
John,Doe
1Jill,Doe
1Joe,Doe
1Justin,Doe
1Jane,Doe
1John,Doe
2Jill,Doe
2Joe,Doe
2Justin,Doe
2Jane,Doe
2John,Doe
Jill,Doe
Joe,Doe
Justin,Doe
Jane,Doe
John,Doe
1Jill,Doe
1Joe,Doe
1Justin,Doe
1Jane,Doe
1John,Doe
2Jill,Doe
2Joe,Doe
2Justin,Doe
2Jane,Doe
2John,Doe
Jill,Doe
Joe,Doe
Justin,Doe
Jane,Doe
John,Doe
1Jill,Doe
1Joe,Doe
1Justin,Doe
1Jane,Doe
1John,Doe
2Jill,Doe
2Joe,Doe
2Justin,Doe
2Jane,Doe
2John,Doe
Jill,Doe
Joe,Doe
Justin,Doe
Jane,Doe
John,Doe
1Jill,Doe
1Joe,Doe
1Justin,Doe
1Jane,Doe
1John,Doe
2Jill,Doe
2Joe,Doe
2Justin,Doe
2Jane,Doe
2John,Doe
Jill,Doe
Joe,Doe
Justin,Doe
Jane,Doe
John,Doe
1Jill,Doe
1Joe,Doe
1Justin,Doe
1Jane,Doe
1John,Doe
2Jill,Doe
2Joe,Doe
2Justin,Doe
2Jane,Doe
2John,Doe
Jill,Doe
Joe,Doe
Justin,Doe
Jane,Doe
John,Doe
1Jill,Doe
1Joe,Doe
1Justin,Doe
1Jane,Doe
1John,Doe
2Jill,Doe
2Joe,Doe
2Justin,Doe
2Jane,Doe
2John,Doe
Jill,Doe
Joe,Doe
Justin,Doe
Jane,Doe
John,Doe
1Jill,Doe
1Joe,Doe
1Justin,Doe
1Jane,Doe
1John,Doe
2Jill,Doe
2Joe,Doe
2Justin,Doe
2Jane,Doe
2John,Doe
Jill,Doe
Joe,Doe
Justin,Doe
Jane,Doe
John,Doe
1Jill,Doe
1Joe,Doe
1Justin,Doe
1Jane,Doe
1John,Doe
2Jill,Doe
2Joe,Doe
2Justin,Doe
2Jane,Doe
2John,Doe
Jill,Doe
Joe,Doe
Justin,Doe
Jane,Doe
John,Doe
1Jill,Doe
1Joe,Doe
1Justin,Doe
1Jane,Doe
1John,Doe
2Jill,Doe
2Joe,Doe
2Justin,Doe
2Jane,Doe
2John,Doe
Jill,Doe
Joe,Doe
Justin,Doe
Jane,Doe
John,Doe
1Jill,Doe
1Joe,Doe
1Justin,Doe
1Jane,Doe
1John,Doe
2Jill,Doe
2Joe,Doe
2Justin,Doe
2Jane,Doe
2John,Doe
Jill,Doe
Joe,Doe
Justin,Doe
Jane,Doe
John,Doe
1Jill,Doe
1Joe,Doe
1Justin,Doe
1Jane,Doe
1John,Doe
2Jill,Doe
2Joe,Doe
2Justin,Doe
2Jane,Doe
2John,Doe
Jill,Doe
Joe,Doe
Justin,Doe
Jane,Doe
John,Doe
1Jill,Doe
1Joe,Doe
1Justin,Doe
1Jane,Doe
1John,Doe
2Jill,Doe
2Joe,Doe
2Justin,Doe
2Jane,Doe
2John,Doe
Jill,Doe
Joe,Doe
Justin,Doe
Jane,Doe
John,Doe
1Jill,Doe
1Joe,Doe
1Justin,Doe
1Jane,Doe
1John,Doe
2Jill,Doe
2Joe,Doe
2Justin,Doe
2Jane,Doe
2John,Doe
Jill,Doe
Joe,Doe
Justin,Doe
Jane,Doe
John,Doe
1Jill,Doe
1Joe,Doe
1Justin,Doe
1Jane,Doe
1John,Doe
2Jill,Doe
2Joe,Doe
2Justin,Doe
2Jane,Doe
2John,Doe
Jill,Doe
Joe,Doe
Justin,Doe
Jane,Doe
John,Doe
1Jill,Doe
1Joe,Doe
1Justin,Doe
1Jane,Doe
1John,Doe
2Jill,Doe
2Joe,Doe
2Justin,Doe
2Jane,Doe
2John,Doe
Jill,Doe
Joe,Doe
Justin,Doe
Jane,Doe
John,Doe
1Jill,Doe
1Joe,Doe
1Justin,Doe
1Jane,Doe
1John,Doe
2Jill,Doe
2Joe,Doe
2Justin,Doe
2Jane,Doe
2John,Doe
Jill,Doe
Joe,Doe
Justin,Doe
Jane,Doe
John,Doe
1Jill,Doe
1Joe,Doe
1Justin,Doe
1Jane,Doe
1John,Doe
2Jill,Doe
2Joe,Doe
2Justin,Doe
2Jane,Doe
2John,Doe
Jill,Doe
Joe,Doe
Justin,Doe
Jane,Doe
John,Doe
1Jill,Doe
1Joe,Doe
1Justin,Doe
1Jane,Doe
1John,Doe
2Jill,Doe
2Joe,Doe
2Justin,Doe
2Jane,Doe
2John,Doe
Jill,Doe
Joe,Doe
Justin,Doe
Jane,Doe
John,Doe
1Jill,Doe
1Joe,Doe
1Justin,Doe
1Jane,Doe
1John,Doe
2Jill,Doe
2Joe,Doe
2Justin,Doe
2Jane,Doe
2John,Doe
Jill,Doe
Joe,Doe
Justin,Doe
Jane,Doe
John,Doe
1Jill,Doe
1Joe,Doe
1Justin,Doe
1Jane,Doe
1John,Doe
2Jill,Doe
2Joe,Doe
2Justin,Doe
2Jane,Doe
2John,Doe
Jill,Doe
Joe,Doe
Justin,Doe
Jane,Doe
John,Doe
1Jill,Doe
1Joe,Doe
1Justin,Doe
1Jane,Doe
1John,Doe
2Jill,Doe
2Joe,Doe
2Justin,Doe
2Jane,Doe
2John,Doe
Jill,Doe
Joe,Doe
Justin,Doe
Jane,Doe
John,Doe
1Jill,Doe
1Joe,Doe
1Justin,Doe
1Jane,Doe
1John,Doe
2Jill,Doe
2Joe,Doe
2Justin,Doe
2Jane,Doe
2John,Doe
Jill,Doe
Joe,Doe
Justin,Doe
Jane,Doe
John,Doe
1Jill,Doe
1Joe,Doe
1Justin,Doe
1Jane,Doe
1John,Doe
2Jill,Doe
2Joe,Doe
2Justin,Doe
2Jane,Doe
2John,Doe
Jill,Doe
Joe,Doe
Justin,Doe
Jane,Doe
John,Doe
1Jill,Doe
1Joe,Doe
1Justin,Doe
1Jane,Doe
1John,Doe
2Jill,Doe
2Joe,Doe
2Justin,Doe
2Jane,Doe
2John,Doe
Jill,Doe
Joe,Doe
Justin,Doe
Jane,Doe
John,Doe
1Jill,Doe
1Joe,Doe
1Justin,Doe
1Jane,Doe
1John,Doe
2Jill,Doe
2Joe,Doe
2Justin,Doe
2Jane,Doe
2John,Doe
Jill,Doe
Joe,Doe
Justin,Doe
Jane,Doe
John,Doe
1Jill,Doe
1Joe,Doe
1Justin,Doe
1Jane,Doe
1John,Doe
2Jill,Doe
2Joe,Doe
2Justin,Doe
2Jane,Doe
2John,Doe
Jill,Doe
Joe,Doe
Justin,Doe
Jane,Doe
John,Doe
1Jill,Doe
1Joe,Doe
1Justin,Doe
1Jane,Doe
1John,Doe
2Jill,Doe
2Joe,Doe
2Justin,Doe
2Jane,Doe
2John,Doe
Jill,Doe
Joe,Doe
Justin,Doe
Jane,Doe
John,Doe
1Jill,Doe
1Joe,Doe
1Justin,Doe
1Jane,Doe
1John,Doe
2Jill,Doe
2Joe,Doe
2Justin,Doe
2Jane,Doe
2John,Doe
Jill,Doe
Joe,Doe
Justin,Doe
Jane,Doe
John,Doe
1Jill,Doe
1Joe,Doe
1Justin,Doe
1Jane,Doe
1John,Doe
2Jill,Doe
2Joe,Doe
2Justin,Doe
2Jane,Doe
2John,Doe
Jill,Doe
Joe,Doe
Justin,Doe
Jane,Doe
John,Doe
1Jill,Doe
1Joe,Doe
1Justin,Doe
1Jane,Doe
1John,Doe
2Jill,Doe
2Joe,Doe
2Justin,Doe
2Jane,Doe
2John,Doe
Jill,Doe
Joe,Doe
Justin,Doe
Jane,Doe
John,Doe
1Jill,Doe
1Joe,Doe
1Justin,Doe
1Jane,Doe
1John,Doe
2Jill,Doe
2Joe,Doe
2Justin,Doe
2Jane,Doe
2John,Doe
Jill,Doe
Joe,Doe
Justin,Doe
Jane,Doe
John,Doe
1Jill,Doe
1Joe,Doe
1Justin,Doe
1Jane,Doe
1John,Doe
2Jill,Doe
2Joe,Doe
2Justin,Doe
2Jane,Doe
2John,Doe
Jill,Doe
Joe,Doe
Justin,Doe
Jane,Doe
John,Doe
1Jill,Doe
1Joe,Doe
1Justin,Doe
1Jane,Doe
1John,Doe
2Jill,Doe
2Joe,Doe
2Justin,Doe
2Jane,Doe
2John,Doe
Jill,Doe
Joe,Doe
Justin,Doe
Jane,Doe
John,Doe
1Jill,Doe
1Joe,Doe
1Justin,Doe
1Jane,Doe
1John,Doe
2Jill,Doe
2Joe,Doe
2Justin,Doe
2Jane,Doe
2John,Doe
Jill,Doe
Joe,Doe
Justin,Doe
Jane,Doe
John,Doe
1Jill,Doe
1Joe,Doe
1Justin,Doe
1Jane,Doe
1John,Doe
2Jill,Doe
2Joe,Doe
2Justin,Doe
2Jane,Doe
2John,Doe
Jill,Doe
Joe,Doe
Justin,Doe
Jane,Doe
John,Doe
1Jill,Doe
1Joe,Doe
1Justin,Doe
1Jane,Doe
1John,Doe
2Jill,Doe
2Joe,Doe
2Justin,Doe
2Jane,Doe
2John,Doe
Jill,Doe
Joe,Doe
Justin,Doe
Jane,Doe
John,Doe
1Jill,Doe
1Joe,Doe
1Justin,Doe
1Jane,Doe
1John,Doe
2Jill,Doe
2Joe,Doe
2Justin,Doe
2Jane,Doe
2John,Doe
Jill,Doe
Joe,Doe
Justin,Doe
Jane,Doe
John,Doe
1Jill,Doe
1Joe,Doe
1Justin,Doe
1Jane,Doe
1John,Doe
2Jill,Doe
2Joe,Doe
2Justin,Doe
2Jane,Doe
2John,Doe
Jill,Doe
Joe,Doe
Justin,Doe
Jane,Doe
John,Doe
1Jill,Doe
1Joe,Doe
1Justin,Doe
1Jane,Doe
1John,Doe
2Jill,Doe
2Joe,Doe
2Justin,Doe
2Jane,Doe
2John,Doe
Jill,Doe
Joe,Doe
Justin,Doe
Jane,Doe
John,Doe
1Jill,Doe
1Joe,Doe
1Justin,Doe
1Jane,Doe
1John,Doe
2Jill,Doe
2Joe,Doe
2Justin,Doe
2Jane,Doe
2John,Doe
Jill,Doe
Joe,Doe
Justin,Doe
Jane,Doe
John,Doe
1Jill,Doe
1Joe,Doe
1Justin,Doe
1Jane,Doe
1John,Doe
2Jill,Doe
2Joe,Doe
2Justin,Doe
2Jane,Doe
2John,Doe
Jill,Doe
Joe,Doe
Justin,Doe
Jane,Doe
John,Doe
1Jill,Doe
1Joe,Doe
1Justin,Doe
1Jane,Doe
1John,Doe
2Jill,Doe
2Joe,Doe
2Justin,Doe
2Jane,Doe
2John,Doe
Jill,Doe
Joe,Doe
Justin,Doe
Jane,Doe
John,Doe
1Jill,Doe
1Joe,Doe
1Justin,Doe
1Jane,Doe
1John,Doe
2Jill,Doe
2Joe,Doe
2Justin,Doe
2Jane,Doe
2John,Doe
Jill,Doe
Joe,Doe
Justin,Doe
Jane,Doe
John,Doe
1Jill,Doe
1Joe,Doe
1Justin,Doe
1Jane,Doe
1John,Doe
2Jill,Doe
2Joe,Doe
2Justin,Doe
2Jane,Doe
2John,Doe
Jill,Doe
Joe,Doe
Justin,Doe
Jane,Doe
John,Doe
1Jill,Doe
1Joe,Doe
1Justin,Doe
1Jane,Doe
1John,Doe
2Jill,Doe
2Joe,Doe
2Justin,Doe
2Jane,Doe
2John,Doe
Jill,Doe
Joe,Doe
Justin,Doe
Jane,Doe
John,Doe
1Jill,Doe
1Joe,Doe
1Justin,Doe
1Jane,Doe
1John,Doe
2Jill,Doe
2Joe,Doe
2Justin,Doe
2Jane,Doe
2John,Doe
Jill,Doe
Joe,Doe
Justin,Doe
Jane,Doe
John,Doe
1Jill,Doe
1Joe,Doe
1Justin,Doe
1Jane,Doe
1John,Doe
2Jill,Doe
2Joe,Doe
2Justin,Doe
2Jane,Doe
2John,Doe
Jill,Doe
Joe,Doe
Justin,Doe
Jane,Doe
John,Doe
1Jill,Doe
1Joe,Doe
1Justin,Doe
1Jane,Doe
1John,Doe
2Jill,Doe
2Joe,Doe
2Justin,Doe
2Jane,Doe
2John,Doe
Jill,Doe
Joe,Doe
Justin,Doe
Jane,Doe
John,Doe
1Jill,Doe
1Joe,Doe
1Justin,Doe
1Jane,Doe
1John,Doe
2Jill,Doe
2Joe,Doe
2Justin,Doe
2Jane,Doe
2John,Doe
Jill,Doe
Joe,Doe
Justin,Doe
Jane,Doe
John,Doe
1Jill,Doe
1Joe,Doe
1Justin,Doe
1Jane,Doe
1John,Doe
2Jill,Doe
2Joe,Doe
2Justin,Doe
2Jane,Doe
2John,Doe
Jill,Doe
Joe,Doe
Justin,Doe
Jane,Doe
John,Doe
1Jill,Doe
1Joe,Doe
1Justin,Doe
1Jane,Doe
1John,Doe
2Jill,Doe
2Joe,Doe
2Justin,Doe
2Jane,Doe
2John,Doe
Jill,Doe
Joe,Doe
Justin,Doe
Jane,Doe
John,Doe
1Jill,Doe
1Joe,Doe
1Justin,Doe
1Jane,Doe
1John,Doe
2Jill,Doe
2Joe,Doe
2Justin,Doe
2Jane,Doe
2John,Doe
Jill,Doe
Joe,Doe
Justin,Doe
Jane,Doe
John,Doe
1Jill,Doe
1Joe,Doe
1Justin,Doe
1Jane,Doe
1John,Doe
2Jill,Doe
2Joe,Doe
2Justin,Doe
2Jane,Doe
2John,Doe
Jill,Doe
Joe,Doe
Justin,Doe
Jane,Doe
John,Doe
1Jill,Doe
1Joe,Doe
1Justin,Doe
1Jane,Doe
1John,Doe
2Jill,Doe
2Joe,Doe
2Justin,Doe
2Jane,Doe
2John,Doe
Jill,Doe
Joe,Doe
Justin,Doe
Jane,Doe
John,Doe
1Jill,Doe
1Joe,Doe
1Justin,Doe
1Jane,Doe
1John,Doe
2Jill,Doe
2Joe,Doe
2Justin,Doe
2Jane,Doe
2John,Doe
Jill,Doe
Joe,Doe
Justin,Doe
Jane,Doe
John,Doe
1Jill,Doe
1Joe,Doe
1Justin,Doe
1Jane,Doe
1John,Doe
2Jill,Doe
2Joe,Doe
2Justin,Doe
2Jane,Doe
2John,Doe
Jill,Doe
Joe,Doe
Justin,Doe
Jane,Doe
John,Doe
1Jill,Doe
1Joe,Doe
1Justin,Doe
1Jane,Doe
1John,Doe
2Jill,Doe
2Joe,Doe
2Justin,Doe
2Jane,Doe
2John,Doe
Jill,Doe
Joe,Doe
Justin,Doe
Jane,Doe
John,Doe
1Jill,Doe
1Joe,Doe
1Justin,Doe
1Jane,Doe
1John,Doe
2Jill,Doe
2Joe,Doe
2Justin,Doe
2Jane,Doe
2John,Doe
Jill,Doe
Joe,Doe
Justin,Doe
Jane,Doe
John,Doe
1Jill,Doe
1Joe,Doe
1Justin,Doe
1Jane,Doe
1John,Doe
2Jill,Doe
2Joe,Doe
2Justin,Doe
2Jane,Doe
2John,Doe
Jill,Doe
Joe,Doe
Justin,Doe
Jane,Doe
John,Doe
1Jill,Doe
1Joe,Doe
1Justin,Doe
1Jane,Doe
1John,Doe
2Jill,Doe
2Joe,Doe
2Justin,Doe
2Jane,Doe
2John,Doe
Jill,Doe
Joe,Doe
Justin,Doe
Jane,Doe
John,Doe
1Jill,Doe
1Joe,Doe
1Justin,Doe
1Jane,Doe
1John,Doe
2Jill,Doe
2Joe,Doe
2Justin,Doe
2Jane,Doe
2John,Doe
Jill,Doe
Joe,Doe
Justin,Doe
Jane,Doe
John,Doe
1Jill,Doe
1Joe,Doe
1Justin,Doe
1Jane,Doe
1John,Doe
2Jill,Doe
2Joe,Doe
2Justin,Doe
2Jane,Doe
2John,Doe
Jill,Doe
Joe,Doe
Justin,Doe
Jane,Doe
John,Doe
1Jill,Doe
1Joe,Doe
1Justin,Doe
1Jane,Doe
1John,Doe
2Jill,Doe
2Joe,Doe
2Justin,Doe
2Jane,Doe
2John,Doe
Jill,Doe
Joe,Doe
Justin,Doe
Jane,Doe
John,Doe
1Jill,Doe
1Joe,Doe
1Justin,Doe
1Jane,Doe
1John,Doe
2Jill,Doe
2Joe,Doe
2Justin,Doe
2Jane,Doe
2John,Doe
Jill,Doe
Joe,Doe
Justin,Doe
Jane,Doe
John,Doe
1Jill,Doe
1Joe,Doe
1Justin,Doe
1Jane,Doe
1John,Doe
2Jill,Doe
2Joe,Doe
2Justin,Doe
2Jane,Doe
2John,Doe
Jill,Doe
Joe,Doe
Justin,Doe
Jane,Doe
John,Doe
1Jill,Doe
1Joe,Doe
1Justin,Doe
1Jane,Doe
1John,Doe
2Jill,Doe
2Joe,Doe
2Justin,Doe
2Jane,Doe
2John,Doe
Jill,Doe
Joe,Doe
Justin,Doe
Jane,Doe
John,Doe
1Jill,Doe
1Joe,Doe
1Justin,Doe
1Jane,Doe
1John,Doe
2Jill,Doe
2Joe,Doe
2Justin,Doe
2Jane,Doe
2John,Doe
Jill,Doe
Joe,Doe
Justin,Doe
Jane,Doe
John,Doe
1Jill,Doe
1Joe,Doe
1Justin,Doe
1Jane,Doe
1John,Doe
2Jill,Doe
2Joe,Doe
2Justin,Doe
2Jane,Doe
2John,Doe
Jill,Doe
Joe,Doe
Justin,Doe
Jane,Doe
John,Doe
1Jill,Doe
1Joe,Doe
1Justin,Doe
1Jane,Doe
1John,Doe
2Jill,Doe
2Joe,Doe
2Justin,Doe
2Jane,Doe
2John,Doe
Jill,Doe
Joe,Doe
Justin,Doe
Jane,Doe
John,Doe
1Jill,Doe
1Joe,Doe
1Justin,Doe
1Jane,Doe
1John,Doe
2Jill,Doe
2Joe,Doe
2Justin,Doe
2Jane,Doe
2John,Doe
Jill,Doe
Joe,Doe
Justin,Doe
Jane,Doe
John,Doe
1Jill,Doe
1Joe,Doe
1Justin,Doe
1Jane,Doe
1John,Doe
2Jill,Doe
2Joe,Doe
2Justin,Doe
2Jane,Doe
2John,Doe
Jill,Doe
Joe,Doe
Justin,Doe
Jane,Doe
John,Doe
1Jill,Doe
1Joe,Doe
1Justin,Doe
1Jane,Doe
1John,Doe
2Jill,Doe
2Joe,Doe
2Justin,Doe
2Jane,Doe
2John,Doe
Jill,Doe
Joe,Doe
Justin,Doe
Jane,Doe
John,Doe
1Jill,Doe
1Joe,Doe
1Justin,Doe
1Jane,Doe
1John,Doe
2Jill,Doe
2Joe,Doe
2Justin,Doe
2Jane,Doe
2John,Doe
Jill,Doe
Joe,Doe
Justin,Doe
Jane,Doe
John,Doe
1Jill,Doe
1Joe,Doe
1Justin,Doe
1Jane,Doe
1John,Doe
2Jill,Doe
2Joe,Doe
2Justin,Doe
2Jane,Doe
2John,Doe
Jill,Doe
Joe,Doe
Justin,Doe
Jane,Doe
John,Doe
1Jill,Doe
1Joe,Doe
1Justin,Doe
1Jane,Doe
1John,Doe
2Jill,Doe
2Joe,Doe
2Justin,Doe
2Jane,Doe
2John,Doe
Jill,Doe
Joe,Doe
Justin,Doe
Jane,Doe
John,Doe
1Jill,Doe
1Joe,Doe
1Justin,Doe
1Jane,Doe
1John,Doe
2Jill,Doe
2Joe,Doe
2Justin,Doe
2Jane,Doe
2John,Doe
Jill,Doe
Joe,Doe
Justin,Doe
Jane,Doe
John,Doe
1Jill,Doe
1Joe,Doe
1Justin,Doe
1Jane,Doe
1John,Doe
2Jill,Doe
2Joe,Doe
2Justin,Doe
2Jane,Doe
2John,Doe
Jill,Doe
Joe,Doe
Justin,Doe
Jane,Doe
John,Doe
1Jill,Doe
1Joe,Doe
1Justin,Doe
1Jane,Doe
1John,Doe
2Jill,Doe
2Joe,Doe
2Justin,Doe
2Jane,Doe
2John,Doe
Jill,Doe
Joe,Doe
Justin,Doe
Jane,Doe
John,Doe
1Jill,Doe
1Joe,Doe
1Justin,Doe
1Jane,Doe
1John,Doe
2Jill,Doe
2Joe,Doe
2Justin,Doe
2Jane,Doe
2John,Doe
Jill,Doe
Joe,Doe
Justin,Doe
Jane,Doe
John,Doe
1Jill,Doe
1Joe,Doe
1Justin,Doe
1Jane,Doe
1John,Doe
2Jill,Doe
2Joe,Doe
2Justin,Doe
2Jane,Doe
2John,Doe
Jill,Doe
Joe,Doe
Justin,Doe
Jane,Doe
John,Doe
1Jill,Doe
1Joe,Doe
1Justin,Doe
1Jane,Doe
1John,Doe
2Jill,Doe
2Joe,Doe
2Justin,Doe
2Jane,Doe
2John,Doe
Jill,Doe
Joe,Doe
Justin,Doe
Jane,Doe
John,Doe
1Jill,Doe
1Joe,Doe
1Justin,Doe
1Jane,Doe
1John,Doe
2Jill,Doe
2Joe,Doe
2Justin,Doe
2Jane,Doe
2John,Doe
Jill,Doe
Joe,Doe
Justin,Doe
Jane,Doe
John,Doe
1Jill,Doe
1Joe,Doe
1Justin,Doe
1Jane,Doe
1John,Doe
2Jill,Doe
2Joe,Doe
2Justin,Doe
2Jane,Doe
2John,Doe
Jill,Doe
Joe,Doe
Justin,Doe
Jane,Doe
John,Doe
1Jill,Doe
1Joe,Doe
1Justin,Doe
1Jane,Doe
1John,Doe
2Jill,Doe
2Joe,Doe
2Justin,Doe
2Jane,Doe
2John,Doe
Jill,Doe
Joe,Doe
Justin,Doe
Jane,Doe
John,Doe
1Jill,Doe
1Joe,Doe
1Justin,Doe
1Jane,Doe
1John,Doe
2Jill,Doe
2Joe,Doe
2Justin,Doe
2Jane,Doe
2John,Doe
Jill,Doe
Joe,Doe
Justin,Doe
Jane,Doe
John,Doe
1Jill,Doe
1Joe,Doe
1Justin,Doe
1Jane,Doe
1John,Doe
2Jill,Doe
2Joe,Doe
2Justin,Doe
2Jane,Doe
2John,Doe
Jill,Doe
Joe,Doe
Justin,Doe
Jane,Doe
John,Doe
1Jill,Doe
1Joe,Doe
1Justin,Doe
1Jane,Doe
1John,Doe
2Jill,Doe
2Joe,Doe
2Justin,Doe
2Jane,Doe
2John,Doe
Jill,Doe
Joe,Doe
Justin,Doe
Jane,Doe
John,Doe
1Jill,Doe
1Joe,Doe
1Justin,Doe
1Jane,Doe
1John,Doe
2Jill,Doe
2Joe,Doe
2Justin,Doe
2Jane,Doe
2John,Doe
Jill,Doe
Joe,Doe
Justin,Doe
Jane,Doe
John,Doe
1Jill,Doe
1Joe,Doe
1Justin,Doe
1Jane,Doe
1John,Doe
2Jill,Doe
2Joe,Doe
2Justin,Doe
2Jane,Doe
2John,Doe
Jill,Doe
Joe,Doe
Justin,Doe
Jane,Doe
John,Doe
1Jill,Doe
1Joe,Doe
1Justin,Doe
1Jane,Doe
1John,Doe
2Jill,Doe
2Joe,Doe
2Justin,Doe
2Jane,Doe
2John,Doe
Jill,Doe
Joe,Doe
Justin,Doe
Jane,Doe
John,Doe
1Jill,Doe
1Joe,Doe
1Justin,Doe
1Jane,Doe
1John,Doe
2Jill,Doe
2Joe,Doe
2Justin,Doe
2Jane,Doe
2John,Doe
Jill,Doe
Joe,Doe
Justin,Doe
Jane,Doe
John,Doe
1Jill,Doe
1Joe,Doe
1Justin,Doe
1Jane,Doe
1John,Doe
2Jill,Doe
2Joe,Doe
2Justin,Doe
2Jane,Doe
2John,Doe
Jill,Doe
Joe,Doe
Justin,Doe
Jane,Doe
John,Doe
1Jill,Doe
1Joe,Doe
1Justin,Doe
1Jane,Doe
1John,Doe
2Jill,Doe
2Joe,Doe
2Justin,Doe
2Jane,Doe
2John,Doe
Jill,Doe
Joe,Doe
Justin,Doe
Jane,Doe
John,Doe
1Jill,Doe
1Joe,Doe
1Justin,Doe
1Jane,Doe
1John,Doe
2Jill,Doe
2Joe,Doe
2Justin,Doe
2Jane,Doe
2John,Doe
Jill,Doe
Joe,Doe
Justin,Doe
Jane,Doe
John,Doe
1Jill,Doe
1Joe,Doe
1Justin,Doe
1Jane,Doe
1John,Doe
2Jill,Doe
2Joe,Doe
2Justin,Doe
2Jane,Doe
2John,Doe
Jill,Doe
Joe,Doe
Justin,Doe
Jane,Doe
John,Doe
1Jill,Doe
1Joe,Doe
1Justin,Doe
1Jane,Doe
1John,Doe
2Jill,Doe
2Joe,Doe
2Justin,Doe
2Jane,Doe
2John,Doe
Jill,Doe
Joe,Doe
Justin,Doe
Jane,Doe
John,Doe
1Jill,Doe
1Joe,Doe
1Justin,Doe
1Jane,Doe
1John,Doe
2Jill,Doe
2Joe,Doe
2Justin,Doe
2Jane,Doe
2John,Doe
Jill,Doe
Joe,Doe
Justin,Doe
Jane,Doe
John,Doe
1Jill,Doe
1Joe,Doe
1Justin,Doe
1Jane,Doe
1John,Doe
2Jill,Doe
2Joe,Doe
2Justin,Doe
2Jane,Doe
2John,Doe
Jill,Doe
Joe,Doe
Justin,Doe
Jane,Doe
John,Doe
1Jill,Doe
1Joe,Doe
1Justin,Doe
1Jane,Doe
1John,Doe
2Jill,Doe
2Joe,Doe
2Justin,Doe
2Jane,Doe
2John,Doe
Jill,Doe
Joe,Doe
Justin,Doe
Jane,Doe
John,Doe
1Jill,Doe
1Joe,Doe
1Justin,Doe
1Jane,Doe
1John,Doe
2Jill,Doe
2Joe,Doe
2Justin,Doe
2Jane,Doe
2John,Doe
Jill,Doe
Joe,Doe
Justin,Doe
Jane,Doe
John,Doe
1Jill,Doe
1Joe,Doe
1Justin,Doe
1Jane,Doe
1John,Doe
2Jill,Doe
2Joe,Doe
2Justin,Doe
2Jane,Doe
2John,Doe
Jill,Doe
Joe,Doe
Justin,Doe
Jane,Doe
John,Doe
1Jill,Doe
1Joe,Doe
1Justin,Doe
1Jane,Doe
1John,Doe
2Jill,Doe
2Joe,Doe
2Justin,Doe
2Jane,Doe
2John,Doe
Jill,Doe
Joe,Doe
Justin,Doe
Jane,Doe
John,Doe
1Jill,Doe
1Joe,Doe
1Justin,Doe
1Jane,Doe
1John,Doe
2Jill,Doe
2Joe,Doe
2Justin,Doe
2Jane,Doe
2John,Doe
Jill,Doe
Joe,Doe
Justin,Doe
Jane,Doe
John,Doe
1Jill,Doe
1Joe,Doe
1Justin,Doe
1Jane,Doe
1John,Doe
2Jill,Doe
2Joe,Doe
2Justin,Doe
2Jane,Doe
2John,Doe
Jill,Doe
Joe,Doe
Justin,Doe
Jane,Doe
John,Doe
1Jill,Doe
1Joe,Doe
1Justin,Doe
1Jane,Doe
1John,Doe
2Jill,Doe
2Joe,Doe
2Justin,Doe
2Jane,Doe
2John,Doe
Jill,Doe
Joe,Doe
Justin,Doe
Jane,Doe
John,Doe
1Jill,Doe
1Joe,Doe
1Justin,Doe
1Jane,Doe
1John,Doe
2Jill,Doe
2Joe,Doe
2Justin,Doe
2Jane,Doe
2John,Doe
Jill,Doe
Joe,Doe
Justin,Doe
Jane,Doe
John,Doe
1Jill,Doe
1Joe,Doe
1Justin,Doe
1Jane,Doe
1John,Doe
2Jill,Doe
2Joe,Doe
2Justin,Doe
2Jane,Doe
2John,Doe
Jill,Doe
Joe,Doe
Justin,Doe
Jane,Doe
John,Doe
1Jill,Doe
1Joe,Doe
1Justin,Doe
1Jane,Doe
1John,Doe
2Jill,Doe
2Joe,Doe
2Justin,Doe
2Jane,Doe
2John,Doe
Jill,Doe
Joe,Doe
Justin,Doe
Jane,Doe
John,Doe
1Jill,Doe
1Joe,Doe
1Justin,Doe
1Jane,Doe
1John,Doe
2Jill,Doe
2Joe,Doe
2Justin,Doe
2Jane,Doe
2John,Doe
Jill,Doe
Joe,Doe
Justin,Doe
Jane,Doe
John,Doe
1Jill,Doe
1Joe,Doe
1Justin,Doe
1Jane,Doe
1John,Doe
2Jill,Doe
2Joe,Doe
2Justin,Doe
2Jane,Doe
2John,Doe
Jill,Doe
Joe,Doe
Justin,Doe
Jane,Doe
John,Doe
1Jill,Doe
1Joe,Doe
1Justin,Doe
1Jane,Doe
1John,Doe
2Jill,Doe
2Joe,Doe
2Justin,Doe
2Jane,Doe
2John,Doe
Jill,Doe
Joe,Doe
Justin,Doe
Jane,Doe
John,Doe
1Jill,Doe
1Joe,Doe
1Justin,Doe
1Jane,Doe
1John,Doe
2Jill,Doe
2Joe,Doe
2Justin,Doe
2Jane,Doe
2John,Doe
Jill,Doe
Joe,Doe
Justin,Doe
Jane,Doe
John,Doe
1Jill,Doe
1Joe,Doe
1Justin,Doe
1Jane,Doe
1John,Doe
2Jill,Doe
2Joe,Doe
2Justin,Doe
2Jane,Doe
2John,Doe
Jill,Doe
Joe,Doe
Justin,Doe
Jane,Doe
John,Doe
1Jill,Doe
1Joe,Doe
1Justin,Doe
1Jane,Doe
1John,Doe
2Jill,Doe
2Joe,Doe
2Justin,Doe
2Jane,Doe
2John,Doe
Jill,Doe
Joe,Doe
Justin,Doe
Jane,Doe
John,Doe
1Jill,Doe
1Joe,Doe
1Justin,Doe
1Jane,Doe
1John,Doe
2Jill,Doe
2Joe,Doe
2Justin,Doe
2Jane,Doe
2John,Doe
Jill,Doe
Joe,Doe
Justin,Doe
Jane,Doe
John,Doe
1Jill,Doe
1Joe,Doe
1Justin,Doe
1Jane,Doe
1John,Doe
2Jill,Doe
2Joe,Doe
2Justin,Doe
2Jane,Doe
2John,Doe
Jill,Doe
Joe,Doe
Justin,Doe
Jane,Doe
John,Doe
1Jill,Doe
1Joe,Doe
1Justin,Doe
1Jane,Doe
1John,Doe
2Jill,Doe
2Joe,Doe
2Justin,Doe
2Jane,Doe
2John,Doe
Jill,Doe
Joe,Doe
Justin,Doe
Jane,Doe
John,Doe
1Jill,Doe
1Joe,Doe
1Justin,Doe
1Jane,Doe
1John,Doe
2Jill,Doe
2Joe,Doe
2Justin,Doe
2Jane,Doe
2John,Doe
Jill,Doe
Joe,Doe
Justin,Doe
Jane,Doe
John,Doe
1Jill,Doe
1Joe,Doe
1Justin,Doe
1Jane,Doe
1John,Doe
2Jill,Doe
2Joe,Doe
2Justin,Doe
2Jane,Doe
2John,Doe
Jill,Doe
Joe,Doe
Justin,Doe
Jane,Doe
John,Doe
1Jill,Doe
1Joe,Doe
1Justin,Doe
1Jane,Doe
1John,Doe
2Jill,Doe
2Joe,Doe
2Justin,Doe
2Jane,Doe
2John,Doe
Jill,Doe
Joe,Doe
Justin,Doe
Jane,Doe
John,Doe
1Jill,Doe
1Joe,Doe
1Justin,Doe
1Jane,Doe
1John,Doe
2Jill,Doe
2Joe,Doe
2Justin,Doe
2Jane,Doe
2John,Doe
Jill,Doe
Joe,Doe
Justin,Doe
Jane,Doe
John,Doe
1Jill,Doe
1Joe,Doe
1Justin,Doe
1Jane,Doe
1John,Doe
2Jill,Doe
2Joe,Doe
2Justin,Doe
2Jane,Doe
2John,Doe
Jill,Doe
Joe,Doe
Justin,Doe
Jane,Doe
John,Doe
1Jill,Doe
1Joe,Doe
1Justin,Doe
1Jane,Doe
1John,Doe
2Jill,Doe
2Joe,Doe
2Justin,Doe
2Jane,Doe
2John,Doe
Jill,Doe
Joe,Doe
Justin,Doe
Jane,Doe
John,Doe
1Jill,Doe
1Joe,Doe
1Justin,Doe
1Jane,Doe
1John,Doe
2Jill,Doe
2Joe,Doe
2Justin,Doe
2Jane,Doe
2John,Doe
Jill,Doe
Joe,Doe
Justin,Doe
Jane,Doe
John,Doe
1Jill,Doe
1Joe,Doe
1Justin,Doe
1Jane,Doe
1John,Doe
2Jill,Doe
2Joe,Doe
2Justin,Doe
2Jane,Doe
2John,Doe
Jill,Doe
Joe,Doe
Justin,Doe
Jane,Doe
John,Doe
1Jill,Doe
1Joe,Doe
1Justin,Doe
1Jane,Doe
1John,Doe
2Jill,Doe
2Joe,Doe
2Justin,Doe
2Jane,Doe
2John,Doe
Jill,Doe
Joe,Doe
Justin,Doe
Jane,Doe
John,Doe
1Jill,Doe
1Joe,Doe
1Justin,Doe
1Jane,Doe
1John,Doe
2Jill,Doe
2Joe,Doe
2Justin,Doe
2Jane,Doe
2John,Doe
Jill,Doe
Joe,Doe
Justin,Doe
Jane,Doe
John,Doe
1Jill,Doe
1Joe,Doe
1Justin,Doe
1Jane,Doe
1John,Doe
2Jill,Doe
2Joe,Doe
2Justin,Doe
2Jane,Doe
2John,Doe
Jill,Doe
Joe,Doe
Justin,Doe
Jane,Doe
John,Doe
1Jill,Doe
1Joe,Doe
1Justin,Doe
1Jane,Doe
1John,Doe
2Jill,Doe
2Joe,Doe
2Justin,Doe
2Jane,Doe
2John,Doe
Jill,Doe
Joe,Doe
Justin,Doe
Jane,Doe
John,Doe
1Jill,Doe
1Joe,Doe
1Justin,Doe
1Jane,Doe
1John,Doe
2Jill,Doe
2Joe,Doe
2Justin,Doe
2Jane,Doe
2John,Doe
Jill,Doe
Joe,Doe
Justin,Doe
Jane,Doe
John,Doe
1Jill,Doe
1Joe,Doe
1Justin,Doe
1Jane,Doe
1John,Doe
2Jill,Doe
2Joe,Doe
2Justin,Doe
2Jane,Doe
2John,Doe
Jill,Doe
Joe,Doe
Justin,Doe
Jane,Doe
John,Doe
1Jill,Doe
1Joe,Doe
1Justin,Doe
1Jane,Doe
1John,Doe
2Jill,Doe
2Joe,Doe
2Justin,Doe
2Jane,Doe
2John,Doe
Jill,Doe
Joe,Doe
Justin,Doe
Jane,Doe
John,Doe
1Jill,Doe
1Joe,Doe
1Justin,Doe
1Jane,Doe
1John,Doe
2Jill,Doe
2Joe,Doe
2Justin,Doe
2Jane,Doe
2John,Doe
Jill,Doe
Joe,Doe
Justin,Doe
Jane,Doe
John,Doe
1Jill,Doe
1Joe,Doe
1Justin,Doe
1Jane,Doe
1John,Doe
2Jill,Doe
2Joe,Doe
2Justin,Doe
2Jane,Doe
2John,Doe
Jill,Doe
Joe,Doe
Justin,Doe
Jane,Doe
John,Doe
1Jill,Doe
1Joe,Doe
1Justin,Doe
1Jane,Doe
1John,Doe
2Jill,Doe
2Joe,Doe
2Justin,Doe
2Jane,Doe
2John,Doe
Jill,Doe
Joe,Doe
Justin,Doe
Jane,Doe
John,Doe
1Jill,Doe
1Joe,Doe
1Justin,Doe
1Jane,Doe
1John,Doe
2Jill,Doe
2Joe,Doe
2Justin,Doe
2Jane,Doe
2John,Doe
Jill,Doe
Joe,Doe
Justin,Doe
Jane,Doe
John,Doe
1Jill,Doe
1Joe,Doe
1Justin,Doe
1Jane,Doe
1John,Doe
2Jill,Doe
2Joe,Doe
2Justin,Doe
2Jane,Doe
2John,Doe
Jill,Doe
Joe,Doe
Justin,Doe
Jane,Doe
John,Doe
1Jill,Doe
1Joe,Doe
1Justin,Doe
1Jane,Doe
1John,Doe
2Jill,Doe
2Joe,Doe
2Justin,Doe
2Jane,Doe
2John,Doe
Jill,Doe
Joe,Doe
Justin,Doe
Jane,Doe
John,Doe
1Jill,Doe
1Joe,Doe
1Justin,Doe
1Jane,Doe
1John,Doe
2Jill,Doe
2Joe,Doe
2Justin,Doe
2Jane,Doe
2John,Doe
Jill,Doe
Joe,Doe
Justin,Doe
Jane,Doe
John,Doe
1Jill,Doe
1Joe,Doe
1Justin,Doe
1Jane,Doe
1John,Doe
2Jill,Doe
2Joe,Doe
2Justin,Doe
2Jane,Doe
2John,Doe
Jill,Doe
Joe,Doe
Justin,Doe
Jane,Doe
John,Doe
1Jill,Doe
1Joe,Doe
1Justin,Doe
1Jane,Doe
1John,Doe
2Jill,Doe
2Joe,Doe
2Justin,Doe
2Jane,Doe
2John,Doe
Jill,Doe
Joe,Doe
Justin,Doe
Jane,Doe
John,Doe
1Jill,Doe
1Joe,Doe
1Justin,Doe
1Jane,Doe
1John,Doe
2Jill,Doe
2Joe,Doe
2Justin,Doe
2Jane,Doe
2John,Doe
Jill,Doe
Joe,Doe
Justin,Doe
Jane,Doe
John,Doe
1Jill,Doe
1Joe,Doe
1Justin,Doe
1Jane,Doe
1John,Doe
2Jill,Doe
2Joe,Doe
2Justin,Doe
2Jane,Doe
2John,Doe
Jill,Doe
Joe,Doe
Justin,Doe
Jane,Doe
John,Doe
1Jill,Doe
1Joe,Doe
1Justin,Doe
1Jane,Doe
1John,Doe
2Jill,Doe
2Joe,Doe
2Justin,Doe
2Jane,Doe
2John,Doe
Jill,Doe
Joe,Doe
Justin,Doe
Jane,Doe
John,Doe
1Jill,Doe
1Joe,Doe
1Justin,Doe
1Jane,Doe
1John,Doe
2Jill,Doe
2Joe,Doe
2Justin,Doe
2Jane,Doe
2John,Doe
Jill,Doe
Joe,Doe
Justin,Doe
Jane,Doe
John,Doe
1Jill,Doe
1Joe,Doe
1Justin,Doe
1Jane,Doe
1John,Doe
2Jill,Doe
2Joe,Doe
2Justin,Doe
2Jane,Doe
2John,Doe
Jill,Doe
Joe,Doe
Justin,Doe
Jane,Doe
John,Doe
1Jill,Doe
1Joe,Doe
1Justin,Doe
1Jane,Doe
1John,Doe
2Jill,Doe
2Joe,Doe
2Justin,Doe
2Jane,Doe
2John,Doe
Jill,Doe
Joe,Doe
Justin,Doe
Jane,Doe
John,Doe
1Jill,Doe
1Joe,Doe
1Justin,Doe
1Jane,Doe
1John,Doe
2Jill,Doe
2Joe,Doe
2Justin,Doe
2Jane,Doe
2John,Doe
Jill,Doe
Joe,Doe
Justin,Doe
Jane,Doe
John,Doe
1Jill,Doe
1Joe,Doe
1Justin,Doe
1Jane,Doe
1John,Doe
2Jill,Doe
2Joe,Doe
2Justin,Doe
2Jane,Doe
2John,Doe
Jill,Doe
Joe,Doe
Justin,Doe
Jane,Doe
John,Doe
1Jill,Doe
1Joe,Doe
1Justin,Doe
1Jane,Doe
1John,Doe
2Jill,Doe
2Joe,Doe
2Justin,Doe
2Jane,Doe
2John,Doe
Jill,Doe
Joe,Doe
Justin,Doe
Jane,Doe
John,Doe
1Jill,Doe
1Joe,Doe
1Justin,Doe
1Jane,Doe
1John,Doe
2Jill,Doe
2Joe,Doe
2Justin,Doe
2Jane,Doe
2John,Doe
Jill,Doe
Joe,Doe
Justin,Doe
Jane,Doe
John,Doe
1Jill,Doe
1Joe,Doe
1Justin,Doe
1Jane,Doe
1John,Doe
2Jill,Doe
2Joe,Doe
2Justin,Doe
2Jane,Doe
2John,Doe
Jill,Doe
Joe,Doe
Justin,Doe
Jane,Doe
John,Doe
1Jill,Doe
1Joe,Doe
1Justin,Doe
1Jane,Doe
1John,Doe
2Jill,Doe
2Joe,Doe
2Justin,Doe
2Jane,Doe
2John,Doe
Jill,Doe
Joe,Doe
Justin,Doe
Jane,Doe
John,Doe
1Jill,Doe
1Joe,Doe
1Justin,Doe
1Jane,Doe
1John,Doe
2Jill,Doe
2Joe,Doe
2Justin,Doe
2Jane,Doe
2John,Doe
Jill,Doe
Joe,Doe
Justin,Doe
Jane,Doe
John,Doe
1Jill,Doe
1Joe,Doe
1Justin,Doe
1Jane,Doe
1John,Doe
2Jill,Doe
2Joe,Doe
2Justin,Doe
2Jane,Doe
2John,Doe
Jill,Doe
Joe,Doe
Justin,Doe
Jane,Doe
John,Doe
1Jill,Doe
1Joe,Doe
1Justin,Doe
1Jane,Doe
1John,Doe
2Jill,Doe
2Joe,Doe
2Justin,Doe
2Jane,Doe
2John,Doe
Jill,Doe
Joe,Doe
Justin,Doe
Jane,Doe
John,Doe
1Jill,Doe
1Joe,Doe
1Justin,Doe
1Jane,Doe
1John,Doe
2Jill,Doe
2Joe,Doe
2Justin,Doe
2Jane,Doe
2John,Doe
Jill,Doe
Joe,Doe
Justin,Doe
Jane,Doe
John,Doe
1Jill,Doe
1Joe,Doe
1Justin,Doe
1Jane,Doe
1John,Doe
2Jill,Doe
2Joe,Doe
2Justin,Doe
2Jane,Doe
2John,Doe
Jill,Doe
Joe,Doe
Justin,Doe
Jane,Doe
John,Doe
1Jill,Doe
1Joe,Doe
1Justin,Doe
1Jane,Doe
1John,Doe
2Jill,Doe
2Joe,Doe
2Justin,Doe
2Jane,Doe
2John,Doe
Jill,Doe
Joe,Doe
Justin,Doe
Jane,Doe
John,Doe
1Jill,Doe
1Joe,Doe
1Justin,Doe
1Jane,Doe
1John,Doe
2Jill,Doe
2Joe,Doe
2Justin,Doe
2Jane,Doe
2John,Doe
Jill,Doe
Joe,Doe
Justin,Doe
Jane,Doe
John,Doe
1Jill,Doe
1Joe,Doe
1Justin,Doe
1Jane,Doe
1John,Doe
2Jill,Doe
2Joe,Doe
2Justin,Doe
2Jane,Doe
2John,Doe
Jill,Doe
Joe,Doe
Justin,Doe
Jane,Doe
John,Doe
1Jill,Doe
1Joe,Doe
1Justin,Doe
1Jane,Doe
1John,Doe
2Jill,Doe
2Joe,Doe
2Justin,Doe
2Jane,Doe
2John,Doe
Jill,Doe
Joe,Doe
Justin,Doe
Jane,Doe
John,Doe
1Jill,Doe
1Joe,Doe
1Justin,Doe
1Jane,Doe
1John,Doe
2Jill,Doe
2Joe,Doe
2Justin,Doe
2Jane,Doe
2John,Doe
Jill,Doe
Joe,Doe
Justin,Doe
Jane,Doe
John,Doe
1Jill,Doe
1Joe,Doe
1Justin,Doe
1Jane,Doe
1John,Doe
2Jill,Doe
2Joe,Doe
2Justin,Doe
2Jane,Doe
2John,Doe
Jill,Doe
Joe,Doe
Justin,Doe
Jane,Doe
John,Doe
1Jill,Doe
1Joe,Doe
1Justin,Doe
1Jane,Doe
1John,Doe
2Jill,Doe
2Joe,Doe
2Justin,Doe
2Jane,Doe
2John,Doe
Jill,Doe
Joe,Doe
Justin,Doe
Jane,Doe
John,Doe
1Jill,Doe
1Joe,Doe
1Justin,Doe
1Jane,Doe
1John,Doe
2Jill,Doe
2Joe,Doe
2Justin,Doe
2Jane,Doe
2John,Doe
Jill,Doe
Joe,Doe
Justin,Doe
Jane,Doe
John,Doe
1Jill,Doe
1Joe,Doe
1Justin,Doe
1Jane,Doe
1John,Doe
2Jill,Doe
2Joe,Doe
2Justin,Doe
2Jane,Doe
2John,Doe
Jill,Doe
Joe,Doe
Justin,Doe
Jane,Doe
John,Doe
1Jill,Doe
1Joe,Doe
1Justin,Doe
1Jane,Doe
1John,Doe
2Jill,Doe
2Joe,Doe
2Justin,Doe
2Jane,Doe
2John,Doe
Jill,Doe
Joe,Doe
Justin,Doe
Jane,Doe
John,Doe
1Jill,Doe
1Joe,Doe
1Justin,Doe
1Jane,Doe
1John,Doe
2Jill,Doe
2Joe,Doe
2Justin,Doe
2Jane,Doe
2John,Doe
Jill,Doe
Joe,Doe
Justin,Doe
Jane,Doe
John,Doe
1Jill,Doe
1Joe,Doe
1Justin,Doe
1Jane,Doe
1John,Doe
2Jill,Doe
2Joe,Doe
2Justin,Doe
2Jane,Doe
2John,Doe
Jill,Doe
Joe,Doe
Justin,Doe
Jane,Doe
John,Doe
1Jill,Doe
1Joe,Doe
1Justin,Doe
1Jane,Doe
1John,Doe
2Jill,Doe
2Joe,Doe
2Justin,Doe
2Jane,Doe
2John,Doe
Jill,Doe
Joe,Doe
Justin,Doe
Jane,Doe
John,Doe
1Jill,Doe
1Joe,Doe
1Justin,Doe
1Jane,Doe
1John,Doe
2Jill,Doe
2Joe,Doe
2Justin,Doe
2Jane,Doe
2John,Doe
Jill,Doe
Joe,Doe
Justin,Doe
Jane,Doe
John,Doe
1Jill,Doe
1Joe,Doe
1Justin,Doe
1Jane,Doe
1John,Doe
2Jill,Doe
2Joe,Doe
2Justin,Doe
2Jane,Doe
2John,Doe
Jill,Doe
Joe,Doe
Justin,Doe
Jane,Doe
John,Doe
1Jill,Doe
1Joe,Doe
1Justin,Doe
1Jane,Doe
1John,Doe
2Jill,Doe
2Joe,Doe
2Justin,Doe
2Jane,Doe
2John,Doe
Jill,Doe
Joe,Doe
Justin,Doe
Jane,Doe
John,Doe
1Jill,Doe
1Joe,Doe
1Justin,Doe
1Jane,Doe
1John,Doe
2Jill,Doe
2Joe,Doe
2Justin,Doe
2Jane,Doe
2John,Doe
Jill,Doe
Joe,Doe
Justin,Doe
Jane,Doe
John,Doe
1Jill,Doe
1Joe,Doe
1Justin,Doe
1Jane,Doe
1John,Doe
2Jill,Doe
2Joe,Doe
2Justin,Doe
2Jane,Doe
2John,Doe
Jill,Doe
Joe,Doe
Justin,Doe
Jane,Doe
John,Doe
1Jill,Doe
1Joe,Doe
1Justin,Doe
1Jane,Doe
1John,Doe
2Jill,Doe
2Joe,Doe
2Justin,Doe
2Jane,Doe
2John,Doe
Jill,Doe
Joe,Doe
Justin,Doe
Jane,Doe
John,Doe
1Jill,Doe
1Joe,Doe
1Justin,Doe
1Jane,Doe
1John,Doe
2Jill,Doe
2Joe,Doe
2Justin,Doe
2Jane,Doe
2John,Doe
Jill,Doe
Joe,Doe
Justin,Doe
Jane,Doe
John,Doe
1Jill,Doe
1Joe,Doe
1Justin,Doe
1Jane,Doe
1John,Doe
2Jill,Doe
2Joe,Doe
2Justin,Doe
2Jane,Doe
2John,Doe
Jill,Doe
Joe,Doe
Justin,Doe
Jane,Doe
John,Doe
1Jill,Doe
1Joe,Doe
1Justin,Doe
1Jane,Doe
1John,Doe
2Jill,Doe
2Joe,Doe
2Justin,Doe
2Jane,Doe
2John,Doe
Jill,Doe
Joe,Doe
Justin,Doe
Jane,Doe
John,Doe
1Jill,Doe
1Joe,Doe
1Justin,Doe
1Jane,Doe
1John,Doe
2Jill,Doe
2Joe,Doe
2Justin,Doe
2Jane,Doe
2John,Doe
Jill,Doe
Joe,Doe
Justin,Doe
Jane,Doe
John,Doe
1Jill,Doe
1Joe,Doe
1Justin,Doe
1Jane,Doe
1John,Doe
2Jill,Doe
2Joe,Doe
2Justin,Doe
2Jane,Doe
2John,Doe
Jill,Doe
Joe,Doe
Justin,Doe
Jane,Doe
John,Doe
1Jill,Doe
1Joe,Doe
1Justin,Doe
1Jane,Doe
1John,Doe
2Jill,Doe
2Joe,Doe
2Justin,Doe
2Jane,Doe
2John,Doe
Jill,Doe
Joe,Doe
Justin,Doe
Jane,Doe
John,Doe
1Jill,Doe
1Joe,Doe
1Justin,Doe
1Jane,Doe
1John,Doe
2Jill,Doe
2Joe,Doe
2Justin,Doe
2Jane,Doe
2John,Doe
Jill,Doe
Joe,Doe
Justin,Doe
Jane,Doe
John,Doe
1Jill,Doe
1Joe,Doe
1Justin,Doe
1Jane,Doe
1John,Doe
2Jill,Doe
2Joe,Doe
2Justin,Doe
2Jane,Doe
2John,Doe
Jill,Doe
Joe,Doe
Justin,Doe
Jane,Doe
John,Doe
1Jill,Doe
1Joe,Doe
1Justin,Doe
1Jane,Doe
1John,Doe
2Jill,Doe
2Joe,Doe
2Justin,Doe
2Jane,Doe
2John,Doe
Jill,Doe
Joe,Doe
Justin,Doe
Jane,Doe
John,Doe
1Jill,Doe
1Joe,Doe
1Justin,Doe
1Jane,Doe
1John,Doe
2Jill,Doe
2Joe,Doe
2Justin,Doe
2Jane,Doe
2John,Doe
Jill,Doe
Joe,Doe
Justin,Doe
Jane,Doe
John,Doe
1Jill,Doe
1Joe,Doe
1Justin,Doe
1Jane,Doe
1John,Doe
2Jill,Doe
2Joe,Doe
2Justin,Doe
2Jane,Doe
2John,Doe
Jill,Doe
Joe,Doe
Justin,Doe
Jane,Doe
John,Doe
1Jill,Doe
1Joe,Doe
1Justin,Doe
1Jane,Doe
1John,Doe
2Jill,Doe
2Joe,Doe
2Justin,Doe
2Jane,Doe
2John,Doe
Jill,Doe
Joe,Doe
Justin,Doe
Jane,Doe
John,Doe
1Jill,Doe
1Joe,Doe
1Justin,Doe
1Jane,Doe
1John,Doe
2Jill,Doe
2Joe,Doe
2Justin,Doe
2Jane,Doe
2John,Doe
Jill,Doe
Joe,Doe
Justin,Doe
Jane,Doe
John,Doe
1Jill,Doe
1Joe,Doe
1Justin,Doe
1Jane,Doe
1John,Doe
2Jill,Doe
2Joe,Doe
2Justin,Doe
2Jane,Doe
2John,Doe
Jill,Doe
Joe,Doe
Justin,Doe
Jane,Doe
John,Doe
1Jill,Doe
1Joe,Doe
1Justin,Doe
1Jane,Doe
1John,Doe
2Jill,Doe
2Joe,Doe
2Justin,Doe
2Jane,Doe
2John,Doe
Jill,Doe
Joe,Doe
Justin,Doe
Jane,Doe
John,Doe
1Jill,Doe
1Joe,Doe
1Justin,Doe
1Jane,Doe
1John,Doe
2Jill,Doe
2Joe,Doe
2Justin,Doe
2Jane,Doe
2John,Doe
Jill,Doe
Joe,Doe
Justin,Doe
Jane,Doe
John,Doe
1Jill,Doe
1Joe,Doe
1Justin,Doe
1Jane,Doe
1John,Doe
2Jill,Doe
2Joe,Doe
2Justin,Doe
2Jane,Doe
2John,Doe
Jill,Doe
Joe,Doe
Justin,Doe
Jane,Doe
John,Doe
1Jill,Doe
1Joe,Doe
1Justin,Doe
1Jane,Doe
1John,Doe
2Jill,Doe
2Joe,Doe
2Justin,Doe
2Jane,Doe
2John,Doe
Jill,Doe
Joe,Doe
Justin,Doe
Jane,Doe
John,Doe
1Jill,Doe
1Joe,Doe
1Justin,Doe
1Jane,Doe
1John,Doe
2Jill,Doe
2Joe,Doe
2Justin,Doe
2Jane,Doe
2John,Doe
Jill,Doe
Joe,Doe
Justin,Doe
Jane,Doe
John,Doe
1Jill,Doe
1Joe,Doe
1Justin,Doe
1Jane,Doe
1John,Doe
2Jill,Doe
2Joe,Doe
2Justin,Doe
2Jane,Doe
2John,Doe
Jill,Doe
Joe,Doe
Justin,Doe
Jane,Doe
John,Doe
1Jill,Doe
1Joe,Doe
1Justin,Doe
1Jane,Doe
1John,Doe
2Jill,Doe
2Joe,Doe
2Justin,Doe
2Jane,Doe
2John,Doe
Jill,Doe
Joe,Doe
Justin,Doe
Jane,Doe
John,Doe
1Jill,Doe
1Joe,Doe
1Justin,Doe
1Jane,Doe
1John,Doe
2Jill,Doe
2Joe,Doe
2Justin,Doe
2Jane,Doe
2John,Doe
Jill,Doe
Joe,Doe
Justin,Doe
Jane,Doe
John,Doe
1Jill,Doe
1Joe,Doe
1Justin,Doe
1Jane,Doe
1John,Doe
2Jill,Doe
2Joe,Doe
2Justin,Doe
2Jane,Doe
2John,Doe
Jill,Doe
Joe,Doe
Justin,Doe
Jane,Doe
John,Doe
1Jill,Doe
1Joe,Doe
1Justin,Doe
1Jane,Doe
1John,Doe
2Jill,Doe
2Joe,Doe
2Justin,Doe
2Jane,Doe
2John,Doe
Jill,Doe
Joe,Doe
Justin,Doe
Jane,Doe
John,Doe
1Jill,Doe
1Joe,Doe
1Justin,Doe
1Jane,Doe
1John,Doe
2Jill,Doe
2Joe,Doe
2Justin,Doe
2Jane,Doe
2John,Doe
Jill,Doe
Joe,Doe
Justin,Doe
Jane,Doe
John,Doe
1Jill,Doe
1Joe,Doe
1Justin,Doe
1Jane,Doe
1John,Doe
2Jill,Doe
2Joe,Doe
2Justin,Doe
2Jane,Doe
2John,Doe
Jill,Doe
Joe,Doe
Justin,Doe
Jane,Doe
John,Doe
1Jill,Doe
1Joe,Doe
1Justin,Doe
1Jane,Doe
1John,Doe
2Jill,Doe
2Joe,Doe
2Justin,Doe
2Jane,Doe
2John,Doe
Jill,Doe
Joe,Doe
Justin,Doe
Jane,Doe
John,Doe
1Jill,Doe
1Joe,Doe
1Justin,Doe
1Jane,Doe
1John,Doe
2Jill,Doe
2Joe,Doe
2Justin,Doe
2Jane,Doe
2John,Doe
Jill,Doe
Joe,Doe
Justin,Doe
Jane,Doe
John,Doe
1Jill,Doe
1Joe,Doe
1Justin,Doe
1Jane,Doe
1John,Doe
2Jill,Doe
2Joe,Doe
2Justin,Doe
2Jane,Doe
2John,Doe
Jill,Doe
Joe,Doe
Justin,Doe
Jane,Doe
John,Doe
1Jill,Doe
1Joe,Doe
1Justin,Doe
1Jane,Doe
1John,Doe
2Jill,Doe
2Joe,Doe
2Justin,Doe
2Jane,Doe
2John,Doe
Jill,Doe
Joe,Doe
Justin,Doe
Jane,Doe
John,Doe
1Jill,Doe
1Joe,Doe
1Justin,Doe
1Jane,Doe
1John,Doe
2Jill,Doe
2Joe,Doe
2Justin,Doe
2Jane,Doe
2John,Doe
Jill,Doe
Joe,Doe
Justin,Doe
Jane,Doe
John,Doe
1Jill,Doe
1Joe,Doe
1Justin,Doe
1Jane,Doe
1John,Doe
2Jill,Doe
2Joe,Doe
2Justin,Doe
2Jane,Doe
2John,Doe
Jill,Doe
Joe,Doe
Justin,Doe
Jane,Doe
John,Doe
1Jill,Doe
1Joe,Doe
1Justin,Doe
1Jane,Doe
1John,Doe
2Jill,Doe
2Joe,Doe
2Justin,Doe
2Jane,Doe
2John,Doe
Jill,Doe
Joe,Doe
Justin,Doe
Jane,Doe
John,Doe
1Jill,Doe
1Joe,Doe
1Justin,Doe
1Jane,Doe
1John,Doe
2Jill,Doe
2Joe,Doe
2Justin,Doe
2Jane,Doe
2John,Doe
Jill,Doe
Joe,Doe
Justin,Doe
Jane,Doe
John,Doe
1Jill,Doe
1Joe,Doe
1Justin,Doe
1Jane,Doe
1John,Doe
2Jill,Doe
2Joe,Doe
2Justin,Doe
2Jane,Doe
2John,Doe
Jill,Doe
Joe,Doe
Justin,Doe
Jane,Doe
John,Doe
1Jill,Doe
1Joe,Doe
1Justin,Doe
1Jane,Doe
1John,Doe
2Jill,Doe
2Joe,Doe
2Justin,Doe
2Jane,Doe
2John,Doe
Jill,Doe
Joe,Doe
Justin,Doe
Jane,Doe
John,Doe
1Jill,Doe
1Joe,Doe
1Justin,Doe
1Jane,Doe
1John,Doe
2Jill,Doe
2Joe,Doe
2Justin,Doe
2Jane,Doe
2John,Doe
Jill,Doe
Joe,Doe
Justin,Doe
Jane,Doe
John,Doe
1Jill,Doe
1Joe,Doe
1Justin,Doe
1Jane,Doe
1John,Doe
2Jill,Doe
2Joe,Doe
2Justin,Doe
2Jane,Doe
2John,Doe
Jill,Doe
Joe,Doe
Justin,Doe
Jane,Doe
John,Doe
1Jill,Doe
1Joe,Doe
1Justin,Doe
1Jane,Doe
1John,Doe
2Jill,Doe
2Joe,Doe
2Justin,Doe
2Jane,Doe
2John,Doe
Jill,Doe
Joe,Doe
Justin,Doe
Jane,Doe
John,Doe
1Jill,Doe
1Joe,Doe
1Justin,Doe
1Jane,Doe
1John,Doe
2Jill,Doe
2Joe,Doe
2Justin,Doe
2Jane,Doe
2John,Doe
Jill,Doe
Joe,Doe
Justin,Doe
Jane,Doe
John,Doe
1Jill,Doe
1Joe,Doe
1Justin,Doe
1Jane,Doe
1John,Doe
2Jill,Doe
2Joe,Doe
2Justin,Doe
2Jane,Doe
2John,Doe
Jill,Doe
Joe,Doe
Justin,Doe
Jane,Doe
John,Doe
1Jill,Doe
1Joe,Doe
1Justin,Doe
1Jane,Doe
1John,Doe
2Jill,Doe
2Joe,Doe
2Justin,Doe
2Jane,Doe
2John,Doe
Jill,Doe
Joe,Doe
Justin,Doe
Jane,Doe
John,Doe
1Jill,Doe
1Joe,Doe
1Justin,Doe
1Jane,Doe
1John,Doe
2Jill,Doe
2Joe,Doe
2Justin,Doe
2Jane,Doe
2John,Doe
Jill,Doe
Joe,Doe
Justin,Doe
Jane,Doe
John,Doe
1Jill,Doe
1Joe,Doe
1Justin,Doe
1Jane,Doe
1John,Doe
2Jill,Doe
2Joe,Doe
2Justin,Doe
2Jane,Doe
2John,Doe
Jill,Doe
Joe,Doe
Justin,Doe
Jane,Doe
John,Doe
1Jill,Doe
1Joe,Doe
1Justin,Doe
1Jane,Doe
1John,Doe
2Jill,Doe
2Joe,Doe
2Justin,Doe
2Jane,Doe
2John,Doe
Jill,Doe
Joe,Doe
Justin,Doe
Jane,Doe
John,Doe
1Jill,Doe
1Joe,Doe
1Justin,Doe
1Jane,Doe
1John,Doe
2Jill,Doe
2Joe,Doe
2Justin,Doe
2Jane,Doe
2John,Doe
Jill,Doe
Joe,Doe
Justin,Doe
Jane,Doe
John,Doe
1Jill,Doe
1Joe,Doe
1Justin,Doe
1Jane,Doe
1John,Doe
2Jill,Doe
2Joe,Doe
2Justin,Doe
2Jane,Doe
2John,Doe
Jill,Doe
Joe,Doe
Justin,Doe
Jane,Doe
John,Doe
1Jill,Doe
1Joe,Doe
1Justin,Doe
1Jane,Doe
1John,Doe
2Jill,Doe
2Joe,Doe
2Justin,Doe
2Jane,Doe
2John,Doe
Jill,Doe
Joe,Doe
Justin,Doe
Jane,Doe
John,Doe
1Jill,Doe
1Joe,Doe
1Justin,Doe
1Jane,Doe
1John,Doe
2Jill,Doe
2Joe,Doe
2Justin,Doe
2Jane,Doe
2John,Doe
Jill,Doe
Joe,Doe
Justin,Doe
Jane,Doe
John,Doe
1Jill,Doe
1Joe,Doe
1Justin,Doe
1Jane,Doe
1John,Doe
2Jill,Doe
2Joe,Doe
2Justin,Doe
2Jane,Doe
2John,Doe
Jill,Doe
Joe,Doe
Justin,Doe
Jane,Doe
John,Doe
1Jill,Doe
1Joe,Doe
1Justin,Doe
1Jane,Doe
1John,Doe
2Jill,Doe
2Joe,Doe
2Justin,Doe
2Jane,Doe
2John,Doe
Jill,Doe
Joe,Doe
Justin,Doe
Jane,Doe
John,Doe
1Jill,Doe
1Joe,Doe
1Justin,Doe
1Jane,Doe
1John,Doe
2Jill,Doe
2Joe,Doe
2Justin,Doe
2Jane,Doe
2John,Doe
Jill,Doe
Joe,Doe
Justin,Doe
Jane,Doe
John,Doe
1Jill,Doe
1Joe,Doe
1Justin,Doe
1Jane,Doe
1John,Doe
2Jill,Doe
2Joe,Doe
2Justin,Doe
2Jane,Doe
2John,Doe
Jill,Doe
Joe,Doe
Justin,Doe
Jane,Doe
John,Doe
1Jill,Doe
1Joe,Doe
1Justin,Doe
1Jane,Doe
1John,Doe
2Jill,Doe
2Joe,Doe
2Justin,Doe
2Jane,Doe
2John,Doe
Jill,Doe
Joe,Doe
Justin,Doe
Jane,Doe
John,Doe
1Jill,Doe
1Joe,Doe
1Justin,Doe
1Jane,Doe
1John,Doe
2Jill,Doe
2Joe,Doe
2Justin,Doe
2Jane,Doe
2John,Doe
Jill,Doe
Joe,Doe
Justin,Doe
Jane,Doe
John,Doe
1Jill,Doe
1Joe,Doe
1Justin,Doe
1Jane,Doe
1John,Doe
2Jill,Doe
2Joe,Doe
2Justin,Doe
2Jane,Doe
2John,Doe
Jill,Doe
Joe,Doe
Justin,Doe
Jane,Doe
John,Doe
1Jill,Doe
1Joe,Doe
1Justin,Doe
1Jane,Doe
1John,Doe
2Jill,Doe
2Joe,Doe
2Justin,Doe
2Jane,Doe
2John,Doe
Jill,Doe
Joe,Doe
Justin,Doe
Jane,Doe
John,Doe
1Jill,Doe
1Joe,Doe
1Justin,Doe
1Jane,Doe
1John,Doe
2Jill,Doe
2Joe,Doe
2Justin,Doe
2Jane,Doe
2John,Doe
Jill,Doe
Joe,Doe
Justin,Doe
Jane,Doe
John,Doe
1Jill,Doe
1Joe,Doe
1Justin,Doe
1Jane,Doe
1John,Doe
2Jill,Doe
2Joe,Doe
2Justin,Doe
2Jane,Doe
2John,Doe
Jill,Doe
Joe,Doe
Justin,Doe
Jane,Doe
John,Doe
1Jill,Doe
1Joe,Doe
1Justin,Doe
1Jane,Doe
1John,Doe
2Jill,Doe
2Joe,Doe
2Justin,Doe
2Jane,Doe
2John,Doe
Jill,Doe
Joe,Doe
Justin,Doe
Jane,Doe
John,Doe
1Jill,Doe
1Joe,Doe
1Justin,Doe
1Jane,Doe
1John,Doe
2Jill,Doe
2Joe,Doe
2Justin,Doe
2Jane,Doe
2John,Doe
Jill,Doe
Joe,Doe
Justin,Doe
Jane,Doe
John,Doe
1Jill,Doe
1Joe,Doe
1Justin,Doe
1Jane,Doe
1John,Doe
2Jill,Doe
2Joe,Doe
2Justin,Doe
2Jane,Doe
2John,Doe
Jill,Doe
Joe,Doe
Justin,Doe
Jane,Doe
John,Doe
1Jill,Doe
1Joe,Doe
1Justin,Doe
1Jane,Doe
1John,Doe
2Jill,Doe
2Joe,Doe
2Justin,Doe
2Jane,Doe
2John,Doe
Jill,Doe
Joe,Doe
Justin,Doe
Jane,Doe
John,Doe
1Jill,Doe
1Joe,Doe
1Justin,Doe
1Jane,Doe
1John,Doe
2Jill,Doe
2Joe,Doe
2Justin,Doe
2Jane,Doe
2John,Doe
Jill,Doe
Joe,Doe
Justin,Doe
Jane,Doe
John,Doe
1Jill,Doe
1Joe,Doe
1Justin,Doe
1Jane,Doe
1John,Doe
2Jill,Doe
2Joe,Doe
2Justin,Doe
2Jane,Doe
2John,Doe
Jill,Doe
Joe,Doe
Justin,Doe
Jane,Doe
John,Doe
1Jill,Doe
1Joe,Doe
1Justin,Doe
1Jane,Doe
1John,Doe
2Jill,Doe
2Joe,Doe
2Justin,Doe
2Jane,Doe
2John,Doe
Jill,Doe
Joe,Doe
Justin,Doe
Jane,Doe
John,Doe
1Jill,Doe
1Joe,Doe
1Justin,Doe
1Jane,Doe
1John,Doe
2Jill,Doe
2Joe,Doe
2Justin,Doe
2Jane,Doe
2John,Doe
Jill,Doe
Joe,Doe
Justin,Doe
Jane,Doe
John,Doe
1Jill,Doe
1Joe,Doe
1Justin,Doe
1Jane,Doe
1John,Doe
2Jill,Doe
2Joe,Doe
2Justin,Doe
2Jane,Doe
2John,Doe
Jill,Doe
Joe,Doe
Justin,Doe
Jane,Doe
John,Doe
1Jill,Doe
1Joe,Doe
1Justin,Doe
1Jane,Doe
1John,Doe
2Jill,Doe
2Joe,Doe
2Justin,Doe
2Jane,Doe
2John,Doe
Jill,Doe
Joe,Doe
Justin,Doe
Jane,Doe
John,Doe
1Jill,Doe
1Joe,Doe
1Justin,Doe
1Jane,Doe
1John,Doe
2Jill,Doe
2Joe,Doe
2Justin,Doe
2Jane,Doe
2John,Doe
Jill,Doe
Joe,Doe
Justin,Doe
Jane,Doe
John,Doe
1Jill,Doe
1Joe,Doe
1Justin,Doe
1Jane,Doe
1John,Doe
2Jill,Doe
2Joe,Doe
2Justin,Doe
2Jane,Doe
2John,Doe
Jill,Doe
Joe,Doe
Justin,Doe
Jane,Doe
John,Doe
1Jill,Doe
1Joe,Doe
1Justin,Doe
1Jane,Doe
1John,Doe
2Jill,Doe
2Joe,Doe
2Justin,Doe
2Jane,Doe
2John,Doe
Jill,Doe
Joe,Doe
Justin,Doe
Jane,Doe
John,Doe
1Jill,Doe
1Joe,Doe
1Justin,Doe
1Jane,Doe
1John,Doe
2Jill,Doe
2Joe,Doe
2Justin,Doe
2Jane,Doe
2John,Doe
Jill,Doe
Joe,Doe
Justin,Doe
Jane,Doe
John,Doe
1Jill,Doe
1Joe,Doe
1Justin,Doe
1Jane,Doe
1John,Doe
2Jill,Doe
2Joe,Doe
2Justin,Doe
2Jane,Doe
2John,Doe
Jill,Doe
Joe,Doe
Justin,Doe
Jane,Doe
John,Doe
1Jill,Doe
1Joe,Doe
1Justin,Doe
1Jane,Doe
1John,Doe
2Jill,Doe
2Joe,Doe
2Justin,Doe
2Jane,Doe
2John,Doe
Jill,Doe
Joe,Doe
Justin,Doe
Jane,Doe
John,Doe
1Jill,Doe
1Joe,Doe
1Justin,Doe
1Jane,Doe
1John,Doe
2Jill,Doe
2Joe,Doe
2Justin,Doe
2Jane,Doe
2John,Doe
Jill,Doe
Joe,Doe
Justin,Doe
Jane,Doe
John,Doe
1Jill,Doe
1Joe,Doe
1Justin,Doe
1Jane,Doe
1John,Doe
2Jill,Doe
2Joe,Doe
2Justin,Doe
2Jane,Doe
2John,Doe
Jill,Doe
Joe,Doe
Justin,Doe
Jane,Doe
John,Doe
1Jill,Doe
1Joe,Doe
1Justin,Doe
1Jane,Doe
1John,Doe
2Jill,Doe
2Joe,Doe
2Justin,Doe
2Jane,Doe
2John,Doe
Jill,Doe
Joe,Doe
Justin,Doe
Jane,Doe
John,Doe
1Jill,Doe
1Joe,Doe
1Justin,Doe
1Jane,Doe
1John,Doe
2Jill,Doe
2Joe,Doe
2Justin,Doe
2Jane,Doe
2John,Doe
Jill,Doe
Joe,Doe
Justin,Doe
Jane,Doe
John,Doe
1Jill,Doe
1Joe,Doe
1Justin,Doe
1Jane,Doe
1John,Doe
2Jill,Doe
2Joe,Doe
2Justin,Doe
2Jane,Doe
2John,Doe
Jill,Doe
Joe,Doe
Justin,Doe
Jane,Doe
John,Doe
1Jill,Doe
1Joe,Doe
1Justin,Doe
1Jane,Doe
1John,Doe
2Jill,Doe
2Joe,Doe
2Justin,Doe
2Jane,Doe
2John,Doe
Jill,Doe
Joe,Doe
Justin,Doe
Jane,Doe
John,Doe
1Jill,Doe
1Joe,Doe
1Justin,Doe
1Jane,Doe
1John,Doe
2Jill,Doe
2Joe,Doe
2Justin,Doe
2Jane,Doe
2John,Doe
Jill,Doe
Joe,Doe
Justin,Doe
Jane,Doe
John,Doe
1Jill,Doe
1Joe,Doe
1Justin,Doe
1Jane,Doe
1John,Doe
2Jill,Doe
2Joe,Doe
2Justin,Doe
2Jane,Doe
2John,Doe
Jill,Doe
Joe,Doe
Justin,Doe
Jane,Doe
John,Doe
1Jill,Doe
1Joe,Doe
1Justin,Doe
1Jane,Doe
1John,Doe
2Jill,Doe
2Joe,Doe
2Justin,Doe
2Jane,Doe
2John,Doe
Jill,Doe
Joe,Doe
Justin,Doe
Jane,Doe
John,Doe
1Jill,Doe
1Joe,Doe
1Justin,Doe
1Jane,Doe
1John,Doe
2Jill,Doe
2Joe,Doe
2Justin,Doe
2Jane,Doe
2John,Doe
Jill,Doe
Joe,Doe
Justin,Doe
Jane,Doe
John,Doe
1Jill,Doe
1Joe,Doe
1Justin,Doe
1Jane,Doe
1John,Doe
2Jill,Doe
2Joe,Doe
2Justin,Doe
2Jane,Doe
2John,Doe
Jill,Doe
Joe,Doe
Justin,Doe
Jane,Doe
John,Doe
1Jill,Doe
1Joe,Doe
1Justin,Doe
1Jane,Doe
1John,Doe
2Jill,Doe
2Joe,Doe
2Justin,Doe
2Jane,Doe
2John,Doe
Jill,Doe
Joe,Doe
Justin,Doe
Jane,Doe
John,Doe
1Jill,Doe
1Joe,Doe
1Justin,Doe
1Jane,Doe
1John,Doe
2Jill,Doe
2Joe,Doe
2Justin,Doe
2Jane,Doe
2John,Doe
Jill,Doe
Joe,Doe
Justin,Doe
Jane,Doe
John,Doe
1Jill,Doe
1Joe,Doe
1Justin,Doe
1Jane,Doe
1John,Doe
2Jill,Doe
2Joe,Doe
2Justin,Doe
2Jane,Doe
2John,Doe
Jill,Doe
Joe,Doe
Justin,Doe
Jane,Doe
John,Doe
1Jill,Doe
1Joe,Doe
1Justin,Doe
1Jane,Doe
1John,Doe
2Jill,Doe
2Joe,Doe
2Justin,Doe
2Jane,Doe
2John,Doe
Jill,Doe
Joe,Doe
Justin,Doe
Jane,Doe
John,Doe
1Jill,Doe
1Joe,Doe
1Justin,Doe
1Jane,Doe
1John,Doe
2Jill,Doe
2Joe,Doe
2Justin,Doe
2Jane,Doe
2John,Doe
Jill,Doe
Joe,Doe
Justin,Doe
Jane,Doe
John,Doe
1Jill,Doe
1Joe,Doe
1Justin,Doe
1Jane,Doe
1John,Doe
2Jill,Doe
2Joe,Doe
2Justin,Doe
2Jane,Doe
2John,Doe
Jill,Doe
Joe,Doe
Justin,Doe
Jane,Doe
John,Doe
1Jill,Doe
1Joe,Doe
1Justin,Doe
1Jane,Doe
1John,Doe
2Jill,Doe
2Joe,Doe
2Justin,Doe
2Jane,Doe
2John,Doe
Jill,Doe
Joe,Doe
Justin,Doe
Jane,Doe
John,Doe
1Jill,Doe
1Joe,Doe
1Justin,Doe
1Jane,Doe
1John,Doe
2Jill,Doe
2Joe,Doe
2Justin,Doe
2Jane,Doe
2John,Doe
Jill,Doe
Joe,Doe
Justin,Doe
Jane,Doe
John,Doe
1Jill,Doe
1Joe,Doe
1Justin,Doe
1Jane,Doe
1John,Doe
2Jill,Doe
2Joe,Doe
2Justin,Doe
2Jane,Doe
2John,Doe
Jill,Doe
Joe,Doe
Justin,Doe
Jane,Doe
John,Doe
1Jill,Doe
1Joe,Doe
1Justin,Doe
1Jane,Doe
1John,Doe
2Jill,Doe
2Joe,Doe
2Justin,Doe
2Jane,Doe
2John,Doe
Jill,Doe
Joe,Doe
Justin,Doe
Jane,Doe
John,Doe
1Jill,Doe
1Joe,Doe
1Justin,Doe
1Jane,Doe
1John,Doe
2Jill,Doe
2Joe,Doe
2Justin,Doe
2Jane,Doe
2John,Doe
Jill,Doe
Joe,Doe
Justin,Doe
Jane,Doe
John,Doe
1Jill,Doe
1Joe,Doe
1Justin,Doe
1Jane,Doe
1John,Doe
2Jill,Doe
2Joe,Doe
2Justin,Doe
2Jane,Doe
2John,Doe
Jill,Doe
Joe,Doe
Justin,Doe
Jane,Doe
John,Doe
1Jill,Doe
1Joe,Doe
1Justin,Doe
1Jane,Doe
1John,Doe
2Jill,Doe
2Joe,Doe
2Justin,Doe
2Jane,Doe
2John,Doe
Jill,Doe
Joe,Doe
Justin,Doe
Jane,Doe
John,Doe
1Jill,Doe
1Joe,Doe
1Justin,Doe
1Jane,Doe
1John,Doe
2Jill,Doe
2Joe,Doe
2Justin,Doe
2Jane,Doe
2John,Doe
Jill,Doe
Joe,Doe
Justin,Doe
Jane,Doe
John,Doe
1Jill,Doe
1Joe,Doe
1Justin,Doe
1Jane,Doe
1John,Doe
2Jill,Doe
2Joe,Doe
2Justin,Doe
2Jane,Doe
2John,Doe
Jill,Doe
Joe,Doe
Justin,Doe
Jane,Doe
John,Doe
1Jill,Doe
1Joe,Doe
1Justin,Doe
1Jane,Doe
1John,Doe
2Jill,Doe
2Joe,Doe
2Justin,Doe
2Jane,Doe
2John,Doe
Jill,Doe
Joe,Doe
Justin,Doe
Jane,Doe
John,Doe
1Jill,Doe
1Joe,Doe
1Justin,Doe
1Jane,Doe
1John,Doe
2Jill,Doe
2Joe,Doe
2Justin,Doe
2Jane,Doe
2John,Doe
Jill,Doe
Joe,Doe
Justin,Doe
Jane,Doe
John,Doe
1Jill,Doe
1Joe,Doe
1Justin,Doe
1Jane,Doe
1John,Doe
2Jill,Doe
2Joe,Doe
2Justin,Doe
2Jane,Doe
2John,Doe
Jill,Doe
Joe,Doe
Justin,Doe
Jane,Doe
John,Doe
1Jill,Doe
1Joe,Doe
1Justin,Doe
1Jane,Doe
1John,Doe
2Jill,Doe
2Joe,Doe
2Justin,Doe
2Jane,Doe
2John,Doe
Jill,Doe
Joe,Doe
Justin,Doe
Jane,Doe
John,Doe
1Jill,Doe
1Joe,Doe
1Justin,Doe
1Jane,Doe
1John,Doe
2Jill,Doe
2Joe,Doe
2Justin,Doe
2Jane,Doe
2John,Doe
Jill,Doe
Joe,Doe
Justin,Doe
Jane,Doe
John,Doe
1Jill,Doe
1Joe,Doe
1Justin,Doe
1Jane,Doe
1John,Doe
2Jill,Doe
2Joe,Doe
2Justin,Doe
2Jane,Doe
2John,Doe
Jill,Doe
Joe,Doe
Justin,Doe
Jane,Doe
John,Doe
1Jill,Doe
1Joe,Doe
1Justin,Doe
1Jane,Doe
1John,Doe
2Jill,Doe
2Joe,Doe
2Justin,Doe
2Jane,Doe
2John,Doe
Jill,Doe
Joe,Doe
Justin,Doe
Jane,Doe
John,Doe
1Jill,Doe
1Joe,Doe
1Justin,Doe
1Jane,Doe
1John,Doe
2Jill,Doe
2Joe,Doe
2Justin,Doe
2Jane,Doe
2John,Doe
Jill,Doe
Joe,Doe
Justin,Doe
Jane,Doe
John,Doe
1Jill,Doe
1Joe,Doe
1Justin,Doe
1Jane,Doe
1John,Doe
2Jill,Doe
2Joe,Doe
2Justin,Doe
2Jane,Doe
2John,Doe
Jill,Doe
Joe,Doe
Justin,Doe
Jane,Doe
John,Doe
1Jill,Doe
1Joe,Doe
1Justin,Doe
1Jane,Doe
1John,Doe
2Jill,Doe
2Joe,Doe
2Justin,Doe
2Jane,Doe
2John,Doe
Jill,Doe
Joe,Doe
Justin,Doe
Jane,Doe
John,Doe
1Jill,Doe
1Joe,Doe
1Justin,Doe
1Jane,Doe
1John,Doe
2Jill,Doe
2Joe,Doe
2Justin,Doe
2Jane,Doe
2John,Doe
Jill,Doe
Joe,Doe
Justin,Doe
Jane,Doe
John,Doe
1Jill,Doe
1Joe,Doe
1Justin,Doe
1Jane,Doe
1John,Doe
2Jill,Doe
2Joe,Doe
2Justin,Doe
2Jane,Doe
2John,Doe
Jill,Doe
Joe,Doe
Justin,Doe
Jane,Doe
John,Doe
1Jill,Doe
1Joe,Doe
1Justin,Doe
1Jane,Doe
1John,Doe
2Jill,Doe
2Joe,Doe
2Justin,Doe
2Jane,Doe
2John,Doe
Jill,Doe
Joe,Doe
Justin,Doe
Jane,Doe
John,Doe
1Jill,Doe
1Joe,Doe
1Justin,Doe
1Jane,Doe
1John,Doe
2Jill,Doe
2Joe,Doe
2Justin,Doe
2Jane,Doe
2John,Doe
Jill,Doe
Joe,Doe
Justin,Doe
Jane,Doe
John,Doe
1Jill,Doe
1Joe,Doe
1Justin,Doe
1Jane,Doe
1John,Doe
2Jill,Doe
2Joe,Doe
2Justin,Doe
2Jane,Doe
2John,Doe
Jill,Doe
Joe,Doe
Justin,Doe
Jane,Doe
John,Doe
1Jill,Doe
1Joe,Doe
1Justin,Doe
1Jane,Doe
1John,Doe
2Jill,Doe
2Joe,Doe
2Justin,Doe
2Jane,Doe
2John,Doe
Jill,Doe
Joe,Doe
Justin,Doe
Jane,Doe
John,Doe
1Jill,Doe
1Joe,Doe
1Justin,Doe
1Jane,Doe
1John,Doe
2Jill,Doe
2Joe,Doe
2Justin,Doe
2Jane,Doe
2John,Doe
Jill,Doe
Joe,Doe
Justin,Doe
Jane,Doe
John,Doe
1Jill,Doe
1Joe,Doe
1Justin,Doe
1Jane,Doe
1John,Doe
2Jill,Doe
2Joe,Doe
2Justin,Doe
2Jane,Doe
2John,Doe
Jill,Doe
Joe,Doe
Justin,Doe
Jane,Doe
John,Doe
1Jill,Doe
1Joe,Doe
1Justin,Doe
1Jane,Doe
1John,Doe
2Jill,Doe
2Joe,Doe
2Justin,Doe
2Jane,Doe
2John,Doe
Jill,Doe
Joe,Doe
Justin,Doe
Jane,Doe
John,Doe
1Jill,Doe
1Joe,Doe
1Justin,Doe
1Jane,Doe
1John,Doe
2Jill,Doe
2Joe,Doe
2Justin,Doe
2Jane,Doe
2John,Doe
Jill,Doe
Joe,Doe
Justin,Doe
Jane,Doe
John,Doe
1Jill,Doe
1Joe,Doe
1Justin,Doe
1Jane,Doe
1John,Doe
2Jill,Doe
2Joe,Doe
2Justin,Doe
2Jane,Doe
2John,Doe
Jill,Doe
Joe,Doe
Justin,Doe
Jane,Doe
John,Doe
1Jill,Doe
1Joe,Doe
1Justin,Doe
1Jane,Doe
1John,Doe
2Jill,Doe
2Joe,Doe
2Justin,Doe
2Jane,Doe
2John,Doe
Jill,Doe
Joe,Doe
Justin,Doe
Jane,Doe
John,Doe
1Jill,Doe
1Joe,Doe
1Justin,Doe
1Jane,Doe
1John,Doe
2Jill,Doe
2Joe,Doe
2Justin,Doe
2Jane,Doe
2John,Doe
Jill,Doe
Joe,Doe
Justin,Doe
Jane,Doe
John,Doe
1Jill,Doe
1Joe,Doe
1Justin,Doe
1Jane,Doe
1John,Doe
2Jill,Doe
2Joe,Doe
2Justin,Doe
2Jane,Doe
2John,Doe
Jill,Doe
Joe,Doe
Justin,Doe
Jane,Doe
John,Doe
1Jill,Doe
1Joe,Doe
1Justin,Doe
1Jane,Doe
1John,Doe
2Jill,Doe
2Joe,Doe
2Justin,Doe
2Jane,Doe
2John,Doe
Jill,Doe
Joe,Doe
Justin,Doe
Jane,Doe
John,Doe
1Jill,Doe
1Joe,Doe
1Justin,Doe
1Jane,Doe
1John,Doe
2Jill,Doe
2Joe,Doe
2Justin,Doe
2Jane,Doe
2John,Doe
Jill,Doe
Joe,Doe
Justin,Doe
Jane,Doe
John,Doe
1Jill,Doe
1Joe,Doe
1Justin,Doe
1Jane,Doe
1John,Doe
2Jill,Doe
2Joe,Doe
2Justin,Doe
2Jane,Doe
2John,Doe
Jill,Doe
Joe,Doe
Justin,Doe
Jane,Doe
John,Doe
1Jill,Doe
1Joe,Doe
1Justin,Doe
1Jane,Doe
1John,Doe
2Jill,Doe
2Joe,Doe
2Justin,Doe
2Jane,Doe
2John,Doe
Jill,Doe
Joe,Doe
Justin,Doe
Jane,Doe
John,Doe
1Jill,Doe
1Joe,Doe
1Justin,Doe
1Jane,Doe
1John,Doe
2Jill,Doe
2Joe,Doe
2Justin,Doe
2Jane,Doe
2John,Doe
Jill,Doe
Joe,Doe
Justin,Doe
Jane,Doe
John,Doe
1Jill,Doe
1Joe,Doe
1Justin,Doe
1Jane,Doe
1John,Doe
2Jill,Doe
2Joe,Doe
2Justin,Doe
2Jane,Doe
2John,Doe
Jill,Doe
Joe,Doe
Justin,Doe
Jane,Doe
John,Doe
1Jill,Doe
1Joe,Doe
1Justin,Doe
1Jane,Doe
1John,Doe
2Jill,Doe
2Joe,Doe
2Justin,Doe
2Jane,Doe
2John,Doe
Jill,Doe
Joe,Doe
Justin,Doe
Jane,Doe
John,Doe
1Jill,Doe
1Joe,Doe
1Justin,Doe
1Jane,Doe
1John,Doe
2Jill,Doe
2Joe,Doe
2Justin,Doe
2Jane,Doe
2John,Doe
Jill,Doe
Joe,Doe
Justin,Doe
Jane,Doe
John,Doe
1Jill,Doe
1Joe,Doe
1Justin,Doe
1Jane,Doe
1John,Doe
2Jill,Doe
2Joe,Doe
2Justin,Doe
2Jane,Doe
2John,Doe
Jill,Doe
Joe,Doe
Justin,Doe
Jane,Doe
John,Doe
1Jill,Doe
1Joe,Doe
1Justin,Doe
1Jane,Doe
1John,Doe
2Jill,Doe
2Joe,Doe
2Justin,Doe
2Jane,Doe
2John,Doe
Jill,Doe
Joe,Doe
Justin,Doe
Jane,Doe
John,Doe
1Jill,Doe
1Joe,Doe
1Justin,Doe
1Jane,Doe
1John,Doe
2Jill,Doe
2Joe,Doe
2Justin,Doe
2Jane,Doe
2John,Doe
Jill,Doe
Joe,Doe
Justin,Doe
Jane,Doe
John,Doe
1Jill,Doe
1Joe,Doe
1Justin,Doe
1Jane,Doe
1John,Doe
2Jill,Doe
2Joe,Doe
2Justin,Doe
2Jane,Doe
2John,Doe
Jill,Doe
Joe,Doe
Justin,Doe
Jane,Doe
John,Doe
1Jill,Doe
1Joe,Doe
1Justin,Doe
1Jane,Doe
1John,Doe
2Jill,Doe
2Joe,Doe
2Justin,Doe
2Jane,Doe
2John,Doe
Jill,Doe
Joe,Doe
Justin,Doe
Jane,Doe
John,Doe
1Jill,Doe
1Joe,Doe
1Justin,Doe
1Jane,Doe
1John,Doe
2Jill,Doe
2Joe,Doe
2Justin,Doe
2Jane,Doe
2John,Doe
Jill,Doe
Joe,Doe
Justin,Doe
Jane,Doe
John,Doe
1Jill,Doe
1Joe,Doe
1Justin,Doe
1Jane,Doe
1John,Doe
2Jill,Doe
2Joe,Doe
2Justin,Doe
2Jane,Doe
2John,Doe
Jill,Doe
Joe,Doe
Justin,Doe
Jane,Doe
John,Doe
1Jill,Doe
1Joe,Doe
1Justin,Doe
1Jane,Doe
1John,Doe
2Jill,Doe
2Joe,Doe
2Justin,Doe
2Jane,Doe
2John,Doe
Jill,Doe
Joe,Doe
Justin,Doe
Jane,Doe
John,Doe
1Jill,Doe
1Joe,Doe
1Justin,Doe
1Jane,Doe
1John,Doe
2Jill,Doe
2Joe,Doe
2Justin,Doe
2Jane,Doe
2John,Doe
Jill,Doe
Joe,Doe
Justin,Doe
Jane,Doe
John,Doe
1Jill,Doe
1Joe,Doe
1Justin,Doe
1Jane,Doe
1John,Doe
2Jill,Doe
2Joe,Doe
2Justin,Doe
2Jane,Doe
2John,Doe
Jill,Doe
Joe,Doe
Justin,Doe
Jane,Doe
John,Doe
1Jill,Doe
1Joe,Doe
1Justin,Doe
1Jane,Doe
1John,Doe
2Jill,Doe
2Joe,Doe
2Justin,Doe
2Jane,Doe
2John,Doe
Jill,Doe
Joe,Doe
Justin,Doe
Jane,Doe
John,Doe
1Jill,Doe
1Joe,Doe
1Justin,Doe
1Jane,Doe
1John,Doe
2Jill,Doe
2Joe,Doe
2Justin,Doe
2Jane,Doe
2John,Doe
Jill,Doe
Joe,Doe
Justin,Doe
Jane,Doe
John,Doe
1Jill,Doe
1Joe,Doe
1Justin,Doe
1Jane,Doe
1John,Doe
2Jill,Doe
2Joe,Doe
2Justin,Doe
2Jane,Doe
2John,Doe
Jill,Doe
Joe,Doe
Justin,Doe
Jane,Doe
John,Doe
1Jill,Doe
1Joe,Doe
1Justin,Doe
1Jane,Doe
1John,Doe
2Jill,Doe
2Joe,Doe
2Justin,Doe
2Jane,Doe
2John,Doe
Jill,Doe
Joe,Doe
Justin,Doe
Jane,Doe
John,Doe
1Jill,Doe
1Joe,Doe
1Justin,Doe
1Jane,Doe
1John,Doe
2Jill,Doe
2Joe,Doe
2Justin,Doe
2Jane,Doe
2John,Doe
Jill,Doe
Joe,Doe
Justin,Doe
Jane,Doe
John,Doe
1Jill,Doe
1Joe,Doe
1Justin,Doe
1Jane,Doe
1John,Doe
2Jill,Doe
2Joe,Doe
2Justin,Doe
2Jane,Doe
2John,Doe
Jill,Doe
Joe,Doe
Justin,Doe
Jane,Doe
John,Doe
1Jill,Doe
1Joe,Doe
1Justin,Doe
1Jane,Doe
1John,Doe
2Jill,Doe
2Joe,Doe
2Justin,Doe
2Jane,Doe
2John,Doe
Jill,Doe
Joe,Doe
Justin,Doe
Jane,Doe
John,Doe
1Jill,Doe
1Joe,Doe
1Justin,Doe
1Jane,Doe
1John,Doe
2Jill,Doe
2Joe,Doe
2Justin,Doe
2Jane,Doe
2John,Doe
Jill,Doe
Joe,Doe
Justin,Doe
Jane,Doe
John,Doe
1Jill,Doe
1Joe,Doe
1Justin,Doe
1Jane,Doe
1John,Doe
2Jill,Doe
2Joe,Doe
2Justin,Doe
2Jane,Doe
2John,Doe
Jill,Doe
Joe,Doe
Justin,Doe
Jane,Doe
John,Doe
1Jill,Doe
1Joe,Doe
1Justin,Doe
1Jane,Doe
1John,Doe
2Jill,Doe
2Joe,Doe
2Justin,Doe
2Jane,Doe
2John,Doe
Jill,Doe
Joe,Doe
Justin,Doe
Jane,Doe
John,Doe
1Jill,Doe
1Joe,Doe
1Justin,Doe
1Jane,Doe
1John,Doe
2Jill,Doe
2Joe,Doe
2Justin,Doe
2Jane,Doe
2John,Doe
Jill,Doe
Joe,Doe
Justin,Doe
Jane,Doe
John,Doe
1Jill,Doe
1Joe,Doe
1Justin,Doe
1Jane,Doe
1John,Doe
2Jill,Doe
2Joe,Doe
2Justin,Doe
2Jane,Doe
2John,Doe
Jill,Doe
Joe,Doe
Justin,Doe
Jane,Doe
John,Doe
1Jill,Doe
1Joe,Doe
1Justin,Doe
1Jane,Doe
1John,Doe
2Jill,Doe
2Joe,Doe
2Justin,Doe
2Jane,Doe
2John,Doe
Jill,Doe
Joe,Doe
Justin,Doe
Jane,Doe
John,Doe
1Jill,Doe
1Joe,Doe
1Justin,Doe
1Jane,Doe
1John,Doe
2Jill,Doe
2Joe,Doe
2Justin,Doe
2Jane,Doe
2John,Doe
Jill,Doe
Joe,Doe
Justin,Doe
Jane,Doe
John,Doe
1Jill,Doe
1Joe,Doe
1Justin,Doe
1Jane,Doe
1John,Doe
2Jill,Doe
2Joe,Doe
2Justin,Doe
2Jane,Doe
2John,Doe
Jill,Doe
Joe,Doe
Justin,Doe
Jane,Doe
John,Doe
1Jill,Doe
1Joe,Doe
1Justin,Doe
1Jane,Doe
1John,Doe
2Jill,Doe
2Joe,Doe
2Justin,Doe
2Jane,Doe
2John,Doe
Jill,Doe
Joe,Doe
Justin,Doe
Jane,Doe
John,Doe
1Jill,Doe
1Joe,Doe
1Justin,Doe
1Jane,Doe
1John,Doe
2Jill,Doe
2Joe,Doe
2Justin,Doe
2Jane,Doe
2John,Doe
Jill,Doe
Joe,Doe
Justin,Doe
Jane,Doe
John,Doe
1Jill,Doe
1Joe,Doe
1Justin,Doe
1Jane,Doe
1John,Doe
2Jill,Doe
2Joe,Doe
2Justin,Doe
2Jane,Doe
2John,Doe
Jill,Doe
Joe,Doe
Justin,Doe
Jane,Doe
John,Doe
1Jill,Doe
1Joe,Doe
1Justin,Doe
1Jane,Doe
1John,Doe
2Jill,Doe
2Joe,Doe
2Justin,Doe
2Jane,Doe
2John,Doe
Jill,Doe
Joe,Doe
Justin,Doe
Jane,Doe
John,Doe
1Jill,Doe
1Joe,Doe
1Justin,Doe
1Jane,Doe
1John,Doe
2Jill,Doe
2Joe,Doe
2Justin,Doe
2Jane,Doe
2John,Doe
Jill,Doe
Joe,Doe
Justin,Doe
Jane,Doe
John,Doe
1Jill,Doe
1Joe,Doe
1Justin,Doe
1Jane,Doe
1John,Doe
2Jill,Doe
2Joe,Doe
2Justin,Doe
2Jane,Doe
2John,Doe
Jill,Doe
Joe,Doe
Justin,Doe
Jane,Doe
John,Doe
1Jill,Doe
1Joe,Doe
1Justin,Doe
1Jane,Doe
1John,Doe
2Jill,Doe
2Joe,Doe
2Justin,Doe
2Jane,Doe
2John,Doe
Jill,Doe
Joe,Doe
Justin,Doe
Jane,Doe
John,Doe
1Jill,Doe
1Joe,Doe
1Justin,Doe
1Jane,Doe
1John,Doe
2Jill,Doe
2Joe,Doe
2Justin,Doe
2Jane,Doe
2John,Doe
Jill,Doe
Joe,Doe
Justin,Doe
Jane,Doe
John,Doe
1Jill,Doe
1Joe,Doe
1Justin,Doe
1Jane,Doe
1John,Doe
2Jill,Doe
2Joe,Doe
2Justin,Doe
2Jane,Doe
2John,Doe
Jill,Doe
Joe,Doe
Justin,Doe
Jane,Doe
John,Doe
1Jill,Doe
1Joe,Doe
1Justin,Doe
1Jane,Doe
1John,Doe
2Jill,Doe
2Joe,Doe
2Justin,Doe
2Jane,Doe
2John,Doe
Jill,Doe
Joe,Doe
Justin,Doe
Jane,Doe
John,Doe
1Jill,Doe
1Joe,Doe
1Justin,Doe
1Jane,Doe
1John,Doe
2Jill,Doe
2Joe,Doe
2Justin,Doe
2Jane,Doe
2John,Doe
Jill,Doe
Joe,Doe
Justin,Doe
Jane,Doe
John,Doe
1Jill,Doe
1Joe,Doe
1Justin,Doe
1Jane,Doe
1John,Doe
2Jill,Doe
2Joe,Doe
2Justin,Doe
2Jane,Doe
2John,Doe
Jill,Doe
Joe,Doe
Justin,Doe
Jane,Doe
John,Doe
1Jill,Doe
1Joe,Doe
1Justin,Doe
1Jane,Doe
1John,Doe
2Jill,Doe
2Joe,Doe
2Justin,Doe
2Jane,Doe
2John,Doe
Jill,Doe
Joe,Doe
Justin,Doe
Jane,Doe
John,Doe
1Jill,Doe
1Joe,Doe
1Justin,Doe
1Jane,Doe
1John,Doe
2Jill,Doe
2Joe,Doe
2Justin,Doe
2Jane,Doe
2John,Doe
Jill,Doe
Joe,Doe
Justin,Doe
Jane,Doe
John,Doe
1Jill,Doe
1Joe,Doe
1Justin,Doe
1Jane,Doe
1John,Doe
2Jill,Doe
2Joe,Doe
2Justin,Doe
2Jane,Doe
2John,Doe
Jill,Doe
Joe,Doe
Justin,Doe
Jane,Doe
John,Doe
1Jill,Doe
1Joe,Doe
1Justin,Doe
1Jane,Doe
1John,Doe
2Jill,Doe
2Joe,Doe
2Justin,Doe
2Jane,Doe
2John,Doe
Jill,Doe
Joe,Doe
Justin,Doe
Jane,Doe
John,Doe
1Jill,Doe
1Joe,Doe
1Justin,Doe
1Jane,Doe
1John,Doe
2Jill,Doe
2Joe,Doe
2Justin,Doe
2Jane,Doe
2John,Doe
Jill,Doe
Joe,Doe
Justin,Doe
Jane,Doe
John,Doe
1Jill,Doe
1Joe,Doe
1Justin,Doe
1Jane,Doe
1John,Doe
2Jill,Doe
2Joe,Doe
2Justin,Doe
2Jane,Doe
2John,Doe
Jill,Doe
Joe,Doe
Justin,Doe
Jane,Doe
John,Doe
1Jill,Doe
1Joe,Doe
1Justin,Doe
1Jane,Doe
1John,Doe
2Jill,Doe
2Joe,Doe
2Justin,Doe
2Jane,Doe
2John,Doe
Jill,Doe
Joe,Doe
Justin,Doe
Jane,Doe
John,Doe
1Jill,Doe
1Joe,Doe
1Justin,Doe
1Jane,Doe
1John,Doe
2Jill,Doe
2Joe,Doe
2Justin,Doe
2Jane,Doe
2John,Doe
Jill,Doe
Joe,Doe
Justin,Doe
Jane,Doe
John,Doe
1Jill,Doe
1Joe,Doe
1Justin,Doe
1Jane,Doe
1John,Doe
2Jill,Doe
2Joe,Doe
2Justin,Doe
2Jane,Doe
2John,Doe
Jill,Doe
Joe,Doe
Justin,Doe
Jane,Doe
John,Doe
1Jill,Doe
1Joe,Doe
1Justin,Doe
1Jane,Doe
1John,Doe
2Jill,Doe
2Joe,Doe
2Justin,Doe
2Jane,Doe
2John,Doe
Jill,Doe
Joe,Doe
Justin,Doe
Jane,Doe
John,Doe
1Jill,Doe
1Joe,Doe
1Justin,Doe
1Jane,Doe
1John,Doe
2Jill,Doe
2Joe,Doe
2Justin,Doe
2Jane,Doe
2John,Doe
Jill,Doe
Joe,Doe
Justin,Doe
Jane,Doe
John,Doe
1Jill,Doe
1Joe,Doe
1Justin,Doe
1Jane,Doe
1John,Doe
2Jill,Doe
2Joe,Doe
2Justin,Doe
2Jane,Doe
2John,Doe
Jill,Doe
Joe,Doe
Justin,Doe
Jane,Doe
John,Doe
1Jill,Doe
1Joe,Doe
1Justin,Doe
1Jane,Doe
1John,Doe
2Jill,Doe
2Joe,Doe
2Justin,Doe
2Jane,Doe
2John,Doe
Jill,Doe
Joe,Doe
Justin,Doe
Jane,Doe
John,Doe
1Jill,Doe
1Joe,Doe
1Justin,Doe
1Jane,Doe
1John,Doe
2Jill,Doe
2Joe,Doe
2Justin,Doe
2Jane,Doe
2John,Doe
Jill,Doe
Joe,Doe
Justin,Doe
Jane,Doe
John,Doe
1Jill,Doe
1Joe,Doe
1Justin,Doe
1Jane,Doe
1John,Doe
2Jill,Doe
2Joe,Doe
2Justin,Doe
2Jane,Doe
2John,Doe
Jill,Doe
Joe,Doe
Justin,Doe
Jane,Doe
John,Doe
1Jill,Doe
1Joe,Doe
1Justin,Doe
1Jane,Doe
1John,Doe
2Jill,Doe
2Joe,Doe
2Justin,Doe
2Jane,Doe
2John,Doe
Jill,Doe
Joe,Doe
Justin,Doe
Jane,Doe
John,Doe
1Jill,Doe
1Joe,Doe
1Justin,Doe
1Jane,Doe
1John,Doe
2Jill,Doe
2Joe,Doe
2Justin,Doe
2Jane,Doe
2John,Doe
Jill,Doe
Joe,Doe
Justin,Doe
Jane,Doe
John,Doe
1Jill,Doe
1Joe,Doe
1Justin,Doe
1Jane,Doe
1John,Doe
2Jill,Doe
2Joe,Doe
2Justin,Doe
2Jane,Doe
2John,Doe
Jill,Doe
Joe,Doe
Justin,Doe
Jane,Doe
John,Doe
1Jill,Doe
1Joe,Doe
1Justin,Doe
1Jane,Doe
1John,Doe
2Jill,Doe
2Joe,Doe
2Justin,Doe
2Jane,Doe
2John,Doe
Jill,Doe
Joe,Doe
Justin,Doe
Jane,Doe
John,Doe
1Jill,Doe
1Joe,Doe
1Justin,Doe
1Jane,Doe
1John,Doe
2Jill,Doe
2Joe,Doe
2Justin,Doe
2Jane,Doe
2John,Doe
Jill,Doe
Joe,Doe
Justin,Doe
Jane,Doe
John,Doe
1Jill,Doe
1Joe,Doe
1Justin,Doe
1Jane,Doe
1John,Doe
2Jill,Doe
2Joe,Doe
2Justin,Doe
2Jane,Doe
2John,Doe
Jill,Doe
Joe,Doe
Justin,Doe
Jane,Doe
John,Doe
1Jill,Doe
1Joe,Doe
1Justin,Doe
1Jane,Doe
1John,Doe
2Jill,Doe
2Joe,Doe
2Justin,Doe
2Jane,Doe
2John,Doe
Jill,Doe
Joe,Doe
Justin,Doe
Jane,Doe
John,Doe
1Jill,Doe
1Joe,Doe
1Justin,Doe
1Jane,Doe
1John,Doe
2Jill,Doe
2Joe,Doe
2Justin,Doe
2Jane,Doe
2John,Doe
Jill,Doe
Joe,Doe
Justin,Doe
Jane,Doe
John,Doe
1Jill,Doe
1Joe,Doe
1Justin,Doe
1Jane,Doe
1John,Doe
2Jill,Doe
2Joe,Doe
2Justin,Doe
2Jane,Doe
2John,Doe
Jill,Doe
Joe,Doe
Justin,Doe
Jane,Doe
John,Doe
1Jill,Doe
1Joe,Doe
1Justin,Doe
1Jane,Doe
1John,Doe
2Jill,Doe
2Joe,Doe
2Justin,Doe
2Jane,Doe
2John,Doe
Jill,Doe
Joe,Doe
Justin,Doe
Jane,Doe
John,Doe
1Jill,Doe
1Joe,Doe
1Justin,Doe
1Jane,Doe
1John,Doe
2Jill,Doe
2Joe,Doe
2Justin,Doe
2Jane,Doe
2John,Doe
Jill,Doe
Joe,Doe
Justin,Doe
Jane,Doe
John,Doe
1Jill,Doe
1Joe,Doe
1Justin,Doe
1Jane,Doe
1John,Doe
2Jill,Doe
2Joe,Doe
2Justin,Doe
2Jane,Doe
2John,Doe
Jill,Doe
Joe,Doe
Justin,Doe
Jane,Doe
John,Doe
1Jill,Doe
1Joe,Doe
1Justin,Doe
1Jane,Doe
1John,Doe
2Jill,Doe
2Joe,Doe
2Justin,Doe
2Jane,Doe
2John,Doe
Jill,Doe
Joe,Doe
Justin,Doe
Jane,Doe
John,Doe
1Jill,Doe
1Joe,Doe
1Justin,Doe
1Jane,Doe
1John,Doe
2Jill,Doe
2Joe,Doe
2Justin,Doe
2Jane,Doe
2John,Doe
Jill,Doe
Joe,Doe
Justin,Doe
Jane,Doe
John,Doe
1Jill,Doe
1Joe,Doe
1Justin,Doe
1Jane,Doe
1John,Doe
2Jill,Doe
2Joe,Doe
2Justin,Doe
2Jane,Doe
2John,Doe
Jill,Doe
Joe,Doe
Justin,Doe
Jane,Doe
John,Doe
1Jill,Doe
1Joe,Doe
1Justin,Doe
1Jane,Doe
1John,Doe
2Jill,Doe
2Joe,Doe
2Justin,Doe
2Jane,Doe
2John,Doe
Jill,Doe
Joe,Doe
Justin,Doe
Jane,Doe
John,Doe
1Jill,Doe
1Joe,Doe
1Justin,Doe
1Jane,Doe
1John,Doe
2Jill,Doe
2Joe,Doe
2Justin,Doe
2Jane,Doe
2John,Doe
Jill,Doe
Joe,Doe
Justin,Doe
Jane,Doe
John,Doe
1Jill,Doe
1Joe,Doe
1Justin,Doe
1Jane,Doe
1John,Doe
2Jill,Doe
2Joe,Doe
2Justin,Doe
2Jane,Doe
2John,Doe
Jill,Doe
Joe,Doe
Justin,Doe
Jane,Doe
John,Doe
1Jill,Doe
1Joe,Doe
1Justin,Doe
1Jane,Doe
1John,Doe
2Jill,Doe
2Joe,Doe
2Justin,Doe
2Jane,Doe
2John,Doe
Jill,Doe
Joe,Doe
Justin,Doe
Jane,Doe
John,Doe
1Jill,Doe
1Joe,Doe
1Justin,Doe
1Jane,Doe
1John,Doe
2Jill,Doe
2Joe,Doe
2Justin,Doe
2Jane,Doe
2John,Doe
Jill,Doe
Joe,Doe
Justin,Doe
Jane,Doe
John,Doe
1Jill,Doe
1Joe,Doe
1Justin,Doe
1Jane,Doe
1John,Doe
2Jill,Doe
2Joe,Doe
2Justin,Doe
2Jane,Doe
2John,Doe
Jill,Doe
Joe,Doe
Justin,Doe
Jane,Doe
John,Doe
1Jill,Doe
1Joe,Doe
1Justin,Doe
1Jane,Doe
1John,Doe
2Jill,Doe
2Joe,Doe
2Justin,Doe
2Jane,Doe
2John,Doe
Jill,Doe
Joe,Doe
Justin,Doe
Jane,Doe
John,Doe
1Jill,Doe
1Joe,Doe
1Justin,Doe
1Jane,Doe
1John,Doe
2Jill,Doe
2Joe,Doe
2Justin,Doe
2Jane,Doe
2John,Doe
Jill,Doe
Joe,Doe
Justin,Doe
Jane,Doe
John,Doe
1Jill,Doe
1Joe,Doe
1Justin,Doe
1Jane,Doe
1John,Doe
2Jill,Doe
2Joe,Doe
2Justin,Doe
2Jane,Doe
2John,Doe
Jill,Doe
Joe,Doe
Justin,Doe
Jane,Doe
John,Doe
1Jill,Doe
1Joe,Doe
1Justin,Doe
1Jane,Doe
1John,Doe
2Jill,Doe
2Joe,Doe
2Justin,Doe
2Jane,Doe
2John,Doe
Jill,Doe
Joe,Doe
Justin,Doe
Jane,Doe
John,Doe
1Jill,Doe
1Joe,Doe
1Justin,Doe
1Jane,Doe
1John,Doe
2Jill,Doe
2Joe,Doe
2Justin,Doe
2Jane,Doe
2John,Doe
Jill,Doe
Joe,Doe
Justin,Doe
Jane,Doe
John,Doe
1Jill,Doe
1Joe,Doe
1Justin,Doe
1Jane,Doe
1John,Doe
2Jill,Doe
2Joe,Doe
2Justin,Doe
2Jane,Doe
2John,Doe
Jill,Doe
Joe,Doe
Justin,Doe
Jane,Doe
John,Doe
1Jill,Doe
1Joe,Doe
1Justin,Doe
1Jane,Doe
1John,Doe
2Jill,Doe
2Joe,Doe
2Justin,Doe
2Jane,Doe
2John,Doe
Jill,Doe
Joe,Doe
Justin,Doe
Jane,Doe
John,Doe
1Jill,Doe
1Joe,Doe
1Justin,Doe
1Jane,Doe
1John,Doe
2Jill,Doe
2Joe,Doe
2Justin,Doe
2Jane,Doe
2John,Doe
Jill,Doe
Joe,Doe
Justin,Doe
Jane,Doe
John,Doe
1Jill,Doe
1Joe,Doe
1Justin,Doe
1Jane,Doe
1John,Doe
2Jill,Doe
2Joe,Doe
2Justin,Doe
2Jane,Doe
2John,Doe
Jill,Doe
Joe,Doe
Justin,Doe
Jane,Doe
John,Doe
1Jill,Doe
1Joe,Doe
1Justin,Doe
1Jane,Doe
1John,Doe
2Jill,Doe
2Joe,Doe
2Justin,Doe
2Jane,Doe
2John,Doe
Jill,Doe
Joe,Doe
Justin,Doe
Jane,Doe
John,Doe
1Jill,Doe
1Joe,Doe
1Justin,Doe
1Jane,Doe
1John,Doe
2Jill,Doe
2Joe,Doe
2Justin,Doe
2Jane,Doe
2John,Doe
Jill,Doe
Joe,Doe
Justin,Doe
Jane,Doe
John,Doe
1Jill,Doe
1Joe,Doe
1Justin,Doe
1Jane,Doe
1John,Doe
2Jill,Doe
2Joe,Doe
2Justin,Doe
2Jane,Doe
2John,Doe
Jill,Doe
Joe,Doe
Justin,Doe
Jane,Doe
John,Doe
1Jill,Doe
1Joe,Doe
1Justin,Doe
1Jane,Doe
1John,Doe
2Jill,Doe
2Joe,Doe
2Justin,Doe
2Jane,Doe
2John,Doe
Jill,Doe
Joe,Doe
Justin,Doe
Jane,Doe
John,Doe
1Jill,Doe
1Joe,Doe
1Justin,Doe
1Jane,Doe
1John,Doe
2Jill,Doe
2Joe,Doe
2Justin,Doe
2Jane,Doe
2John,Doe
Jill,Doe
Joe,Doe
Justin,Doe
Jane,Doe
John,Doe
1Jill,Doe
1Joe,Doe
1Justin,Doe
1Jane,Doe
1John,Doe
2Jill,Doe
2Joe,Doe
2Justin,Doe
2Jane,Doe
2John,Doe
Jill,Doe
Joe,Doe
Justin,Doe
Jane,Doe
John,Doe
1Jill,Doe
1Joe,Doe
1Justin,Doe
1Jane,Doe
1John,Doe
2Jill,Doe
2Joe,Doe
2Justin,Doe
2Jane,Doe
2John,Doe
Jill,Doe
Joe,Doe
Justin,Doe
Jane,Doe
John,Doe
1Jill,Doe
1Joe,Doe
1Justin,Doe
1Jane,Doe
1John,Doe
2Jill,Doe
2Joe,Doe
2Justin,Doe
2Jane,Doe
2John,Doe
Jill,Doe
Joe,Doe
Justin,Doe
Jane,Doe
John,Doe
1Jill,Doe
1Joe,Doe
1Justin,Doe
1Jane,Doe
1John,Doe
2Jill,Doe
2Joe,Doe
2Justin,Doe
2Jane,Doe
2John,Doe
Jill,Doe
Joe,Doe
Justin,Doe
Jane,Doe
John,Doe
1Jill,Doe
1Joe,Doe
1Justin,Doe
1Jane,Doe
1John,Doe
2Jill,Doe
2Joe,Doe
2Justin,Doe
2Jane,Doe
2John,Doe
Jill,Doe
Joe,Doe
Justin,Doe
Jane,Doe
John,Doe
1Jill,Doe
1Joe,Doe
1Justin,Doe
1Jane,Doe
1John,Doe
2Jill,Doe
2Joe,Doe
2Justin,Doe
2Jane,Doe
2John,Doe
Jill,Doe
Joe,Doe
Justin,Doe
Jane,Doe
John,Doe
1Jill,Doe
1Joe,Doe
1Justin,Doe
1Jane,Doe
1John,Doe
2Jill,Doe
2Joe,Doe
2Justin,Doe
2Jane,Doe
2John,Doe
Jill,Doe
Joe,Doe
Justin,Doe
Jane,Doe
John,Doe
1Jill,Doe
1Joe,Doe
1Justin,Doe
1Jane,Doe
1John,Doe
2Jill,Doe
2Joe,Doe
2Justin,Doe
2Jane,Doe
2John,Doe
Jill,Doe
Joe,Doe
Justin,Doe
Jane,Doe
John,Doe
1Jill,Doe
1Joe,Doe
1Justin,Doe
1Jane,Doe
1John,Doe
2Jill,Doe
2Joe,Doe
2Justin,Doe
2Jane,Doe
2John,Doe
Jill,Doe
Joe,Doe
Justin,Doe
Jane,Doe
John,Doe
1Jill,Doe
1Joe,Doe
1Justin,Doe
1Jane,Doe
1John,Doe
2Jill,Doe
2Joe,Doe
2Justin,Doe
2Jane,Doe
2John,Doe
Jill,Doe
Joe,Doe
Justin,Doe
Jane,Doe
John,Doe
1Jill,Doe
1Joe,Doe
1Justin,Doe
1Jane,Doe
1John,Doe
2Jill,Doe
2Joe,Doe
2Justin,Doe
2Jane,Doe
2John,Doe
Jill,Doe
Joe,Doe
Justin,Doe
Jane,Doe
John,Doe
1Jill,Doe
1Joe,Doe
1Justin,Doe
1Jane,Doe
1John,Doe
2Jill,Doe
2Joe,Doe
2Justin,Doe
2Jane,Doe
2John,Doe
Jill,Doe
Joe,Doe
Justin,Doe
Jane,Doe
John,Doe
1Jill,Doe
1Joe,Doe
1Justin,Doe
1Jane,Doe
1John,Doe
2Jill,Doe
2Joe,Doe
2Justin,Doe
2Jane,Doe
2John,Doe
Jill,Doe
Joe,Doe
Justin,Doe
Jane,Doe
John,Doe
1Jill,Doe
1Joe,Doe
1Justin,Doe
1Jane,Doe
1John,Doe
2Jill,Doe
2Joe,Doe
2Justin,Doe
2Jane,Doe
2John,Doe
Jill,Doe
Joe,Doe
Justin,Doe
Jane,Doe
John,Doe
1Jill,Doe
1Joe,Doe
1Justin,Doe
1Jane,Doe
1John,Doe
2Jill,Doe
2Joe,Doe
2Justin,Doe
2Jane,Doe
2John,Doe
Jill,Doe
Joe,Doe
Justin,Doe
Jane,Doe
John,Doe
1Jill,Doe
1Joe,Doe
1Justin,Doe
1Jane,Doe
1John,Doe
2Jill,Doe
2Joe,Doe
2Justin,Doe
2Jane,Doe
2John,Doe
Jill,Doe
Joe,Doe
Justin,Doe
Jane,Doe
John,Doe
1Jill,Doe
1Joe,Doe
1Justin,Doe
1Jane,Doe
1John,Doe
2Jill,Doe
2Joe,Doe
2Justin,Doe
2Jane,Doe
2John,Doe
Jill,Doe
Joe,Doe
Justin,Doe
Jane,Doe
John,Doe
1Jill,Doe
1Joe,Doe
1Justin,Doe
1Jane,Doe
1John,Doe
2Jill,Doe
2Joe,Doe
2Justin,Doe
2Jane,Doe
2John,Doe
Jill,Doe
Joe,Doe
Justin,Doe
Jane,Doe
John,Doe
1Jill,Doe
1Joe,Doe
1Justin,Doe
1Jane,Doe
1John,Doe
2Jill,Doe
2Joe,Doe
2Justin,Doe
2Jane,Doe
2John,Doe
Jill,Doe
Joe,Doe
Justin,Doe
Jane,Doe
John,Doe
1Jill,Doe
1Joe,Doe
1Justin,Doe
1Jane,Doe
1John,Doe
2Jill,Doe
2Joe,Doe
2Justin,Doe
2Jane,Doe
2John,Doe
Jill,Doe
Joe,Doe
Justin,Doe
Jane,Doe
John,Doe
1Jill,Doe
1Joe,Doe
1Justin,Doe
1Jane,Doe
1John,Doe
2Jill,Doe
2Joe,Doe
2Justin,Doe
2Jane,Doe
2John,Doe
Jill,Doe
Joe,Doe
Justin,Doe
Jane,Doe
John,Doe
1Jill,Doe
1Joe,Doe
1Justin,Doe
1Jane,Doe
1John,Doe
2Jill,Doe
2Joe,Doe
2Justin,Doe
2Jane,Doe
2John,Doe
Jill,Doe
Joe,Doe
Justin,Doe
Jane,Doe
John,Doe
1Jill,Doe
1Joe,Doe
1Justin,Doe
1Jane,Doe
1John,Doe
2Jill,Doe
2Joe,Doe
2Justin,Doe
2Jane,Doe
2John,Doe
Jill,Doe
Joe,Doe
Justin,Doe
Jane,Doe
John,Doe
1Jill,Doe
1Joe,Doe
1Justin,Doe
1Jane,Doe
1John,Doe
2Jill,Doe
2Joe,Doe
2Justin,Doe
2Jane,Doe
2John,Doe
Jill,Doe
Joe,Doe
Justin,Doe
Jane,Doe
John,Doe
1Jill,Doe
1Joe,Doe
1Justin,Doe
1Jane,Doe
1John,Doe
2Jill,Doe
2Joe,Doe
2Justin,Doe
2Jane,Doe
2John,Doe
Jill,Doe
Joe,Doe
Justin,Doe
Jane,Doe
John,Doe
1Jill,Doe
1Joe,Doe
1Justin,Doe
1Jane,Doe
1John,Doe
2Jill,Doe
2Joe,Doe
2Justin,Doe
2Jane,Doe
2John,Doe
Jill,Doe
Joe,Doe
Justin,Doe
Jane,Doe
John,Doe
1Jill,Doe
1Joe,Doe
1Justin,Doe
1Jane,Doe
1John,Doe
2Jill,Doe
2Joe,Doe
2Justin,Doe
2Jane,Doe
2John,Doe
Jill,Doe
Joe,Doe
Justin,Doe
Jane,Doe
John,Doe
1Jill,Doe
1Joe,Doe
1Justin,Doe
1Jane,Doe
1John,Doe
2Jill,Doe
2Joe,Doe
2Justin,Doe
2Jane,Doe
2John,Doe
Jill,Doe
Joe,Doe
Justin,Doe
Jane,Doe
John,Doe
1Jill,Doe
1Joe,Doe
1Justin,Doe
1Jane,Doe
1John,Doe
2Jill,Doe
2Joe,Doe
2Justin,Doe
2Jane,Doe
2John,Doe
Jill,Doe
Joe,Doe
Justin,Doe
Jane,Doe
John,Doe
1Jill,Doe
1Joe,Doe
1Justin,Doe
1Jane,Doe
1John,Doe
2Jill,Doe
2Joe,Doe
2Justin,Doe
2Jane,Doe
2John,Doe
Jill,Doe
Joe,Doe
Justin,Doe
Jane,Doe
John,Doe
1Jill,Doe
1Joe,Doe
1Justin,Doe
1Jane,Doe
1John,Doe
2Jill,Doe
2Joe,Doe
2Justin,Doe
2Jane,Doe
2John,Doe
Jill,Doe
Joe,Doe
Justin,Doe
Jane,Doe
John,Doe
1Jill,Doe
1Joe,Doe
1Justin,Doe
1Jane,Doe
1John,Doe
2Jill,Doe
2Joe,Doe
2Justin,Doe
2Jane,Doe
2John,Doe
Jill,Doe
Joe,Doe
Justin,Doe
Jane,Doe
John,Doe
1Jill,Doe
1Joe,Doe
1Justin,Doe
1Jane,Doe
1John,Doe
2Jill,Doe
2Joe,Doe
2Justin,Doe
2Jane,Doe
2John,Doe
Jill,Doe
Joe,Doe
Justin,Doe
Jane,Doe
John,Doe
1Jill,Doe
1Joe,Doe
1Justin,Doe
1Jane,Doe
1John,Doe
2Jill,Doe
2Joe,Doe
2Justin,Doe
2Jane,Doe
2John,Doe
Jill,Doe
Joe,Doe
Justin,Doe
Jane,Doe
John,Doe
1Jill,Doe
1Joe,Doe
1Justin,Doe
1Jane,Doe
1John,Doe
2Jill,Doe
2Joe,Doe
2Justin,Doe
2Jane,Doe
2John,Doe
Jill,Doe
Joe,Doe
Justin,Doe
Jane,Doe
John,Doe
1Jill,Doe
1Joe,Doe
1Justin,Doe
1Jane,Doe
1John,Doe
2Jill,Doe
2Joe,Doe
2Justin,Doe
2Jane,Doe
2John,Doe
Jill,Doe
Joe,Doe
Justin,Doe
Jane,Doe
John,Doe
1Jill,Doe
1Joe,Doe
1Justin,Doe
1Jane,Doe
1John,Doe
2Jill,Doe
2Joe,Doe
2Justin,Doe
2Jane,Doe
2John,Doe
Jill,Doe
Joe,Doe
Justin,Doe
Jane,Doe
John,Doe
1Jill,Doe
1Joe,Doe
1Justin,Doe
1Jane,Doe
1John,Doe
2Jill,Doe
2Joe,Doe
2Justin,Doe
2Jane,Doe
2John,Doe
Jill,Doe
Joe,Doe
Justin,Doe
Jane,Doe
John,Doe
1Jill,Doe
1Joe,Doe
1Justin,Doe
1Jane,Doe
1John,Doe
2Jill,Doe
2Joe,Doe
2Justin,Doe
2Jane,Doe
2John,Doe
Jill,Doe
Joe,Doe
Justin,Doe
Jane,Doe
John,Doe
1Jill,Doe
1Joe,Doe
1Justin,Doe
1Jane,Doe
1John,Doe
2Jill,Doe
2Joe,Doe
2Justin,Doe
2Jane,Doe
2John,Doe
Jill,Doe
Joe,Doe
Justin,Doe
Jane,Doe
John,Doe
1Jill,Doe
1Joe,Doe
1Justin,Doe
1Jane,Doe
1John,Doe
2Jill,Doe
2Joe,Doe
2Justin,Doe
2Jane,Doe
2John,Doe
Jill,Doe
Joe,Doe
Justin,Doe
Jane,Doe
John,Doe
1Jill,Doe
1Joe,Doe
1Justin,Doe
1Jane,Doe
1John,Doe
2Jill,Doe
2Joe,Doe
2Justin,Doe
2Jane,Doe
2John,Doe
Jill,Doe
Joe,Doe
Justin,Doe
Jane,Doe
John,Doe
1Jill,Doe
1Joe,Doe
1Justin,Doe
1Jane,Doe
1John,Doe
2Jill,Doe
2Joe,Doe
2Justin,Doe
2Jane,Doe
2John,Doe
Jill,Doe
Joe,Doe
Justin,Doe
Jane,Doe
John,Doe
1Jill,Doe
1Joe,Doe
1Justin,Doe
1Jane,Doe
1John,Doe
2Jill,Doe
2Joe,Doe
2Justin,Doe
2Jane,Doe
2John,Doe
Jill,Doe
Joe,Doe
Justin,Doe
Jane,Doe
John,Doe
1Jill,Doe
1Joe,Doe
1Justin,Doe
1Jane,Doe
1John,Doe
2Jill,Doe
2Joe,Doe
2Justin,Doe
2Jane,Doe
2John,Doe
Jill,Doe
Joe,Doe
Justin,Doe
Jane,Doe
John,Doe
1Jill,Doe
1Joe,Doe
1Justin,Doe
1Jane,Doe
1John,Doe
2Jill,Doe
2Joe,Doe
2Justin,Doe
2Jane,Doe
2John,Doe
Jill,Doe
Joe,Doe
Justin,Doe
Jane,Doe
John,Doe
1Jill,Doe
1Joe,Doe
1Justin,Doe
1Jane,Doe
1John,Doe
2Jill,Doe
2Joe,Doe
2Justin,Doe
2Jane,Doe
2John,Doe
Jill,Doe
Joe,Doe
Justin,Doe
Jane,Doe
John,Doe
1Jill,Doe
1Joe,Doe
1Justin,Doe
1Jane,Doe
1John,Doe
2Jill,Doe
2Joe,Doe
2Justin,Doe
2Jane,Doe
2John,Doe
Jill,Doe
Joe,Doe
Justin,Doe
Jane,Doe
John,Doe
1Jill,Doe
1Joe,Doe
1Justin,Doe
1Jane,Doe
1John,Doe
2Jill,Doe
2Joe,Doe
2Justin,Doe
2Jane,Doe
2John,Doe
Jill,Doe
Joe,Doe
Justin,Doe
Jane,Doe
John,Doe
1Jill,Doe
1Joe,Doe
1Justin,Doe
1Jane,Doe
1John,Doe
2Jill,Doe
2Joe,Doe
2Justin,Doe
2Jane,Doe
2John,Doe
Jill,Doe
Joe,Doe
Justin,Doe
Jane,Doe
John,Doe
1Jill,Doe
1Joe,Doe
1Justin,Doe
1Jane,Doe
1John,Doe
2Jill,Doe
2Joe,Doe
2Justin,Doe
2Jane,Doe
2John,Doe
Jill,Doe
Joe,Doe
Justin,Doe
Jane,Doe
John,Doe
1Jill,Doe
1Joe,Doe
1Justin,Doe
1Jane,Doe
1John,Doe
2Jill,Doe
2Joe,Doe
2Justin,Doe
2Jane,Doe
2John,Doe
Jill,Doe
Joe,Doe
Justin,Doe
Jane,Doe
John,Doe
1Jill,Doe
1Joe,Doe
1Justin,Doe
1Jane,Doe
1John,Doe
2Jill,Doe
2Joe,Doe
2Justin,Doe
2Jane,Doe
2John,Doe
Jill,Doe
Joe,Doe
Justin,Doe
Jane,Doe
John,Doe
1Jill,Doe
1Joe,Doe
1Justin,Doe
1Jane,Doe
1John,Doe
2Jill,Doe
2Joe,Doe
2Justin,Doe
2Jane,Doe
2John,Doe
Jill,Doe
Joe,Doe
Justin,Doe
Jane,Doe
John,Doe
1Jill,Doe
1Joe,Doe
1Justin,Doe
1Jane,Doe
1John,Doe
2Jill,Doe
2Joe,Doe
2Justin,Doe
2Jane,Doe
2John,Doe
Jill,Doe
Joe,Doe
Justin,Doe
Jane,Doe
John,Doe
1Jill,Doe
1Joe,Doe
1Justin,Doe
1Jane,Doe
1John,Doe
2Jill,Doe
2Joe,Doe
2Justin,Doe
2Jane,Doe
2John,Doe
Jill,Doe
Joe,Doe
Justin,Doe
Jane,Doe
John,Doe
1Jill,Doe
1Joe,Doe
1Justin,Doe
1Jane,Doe
1John,Doe
2Jill,Doe
2Joe,Doe
2Justin,Doe
2Jane,Doe
2John,Doe
Jill,Doe
Joe,Doe
Justin,Doe
Jane,Doe
John,Doe
1Jill,Doe
1Joe,Doe
1Justin,Doe
1Jane,Doe
1John,Doe
2Jill,Doe
2Joe,Doe
2Justin,Doe
2Jane,Doe
2John,Doe
Jill,Doe
Joe,Doe
Justin,Doe
Jane,Doe
John,Doe
1Jill,Doe
1Joe,Doe
1Justin,Doe
1Jane,Doe
1John,Doe
2Jill,Doe
2Joe,Doe
2Justin,Doe
2Jane,Doe
2John,Doe
Jill,Doe
Joe,Doe
Justin,Doe
Jane,Doe
John,Doe
1Jill,Doe
1Joe,Doe
1Justin,Doe
1Jane,Doe
1John,Doe
2Jill,Doe
2Joe,Doe
2Justin,Doe
2Jane,Doe
2John,Doe
Jill,Doe
Joe,Doe
Justin,Doe
Jane,Doe
John,Doe
1Jill,Doe
1Joe,Doe
1Justin,Doe
1Jane,Doe
1John,Doe
2Jill,Doe
2Joe,Doe
2Justin,Doe
2Jane,Doe
2John,Doe
Jill,Doe
Joe,Doe
Justin,Doe
Jane,Doe
John,Doe
1Jill,Doe
1Joe,Doe
1Justin,Doe
1Jane,Doe
1John,Doe
2Jill,Doe
2Joe,Doe
2Justin,Doe
2Jane,Doe
2John,Doe
Jill,Doe
Joe,Doe
Justin,Doe
Jane,Doe
John,Doe
1Jill,Doe
1Joe,Doe
1Justin,Doe
1Jane,Doe
1John,Doe
2Jill,Doe
2Joe,Doe
2Justin,Doe
2Jane,Doe
2John,Doe
Jill,Doe
Joe,Doe
Justin,Doe
Jane,Doe
John,Doe
1Jill,Doe
1Joe,Doe
1Justin,Doe
1Jane,Doe
1John,Doe
2Jill,Doe
2Joe,Doe
2Justin,Doe
2Jane,Doe
2John,Doe
Jill,Doe
Joe,Doe
Justin,Doe
Jane,Doe
John,Doe
1Jill,Doe
1Joe,Doe
1Justin,Doe
1Jane,Doe
1John,Doe
2Jill,Doe
2Joe,Doe
2Justin,Doe
2Jane,Doe
2John,Doe
Jill,Doe
Joe,Doe
Justin,Doe
Jane,Doe
John,Doe
1Jill,Doe
1Joe,Doe
1Justin,Doe
1Jane,Doe
1John,Doe
2Jill,Doe
2Joe,Doe
2Justin,Doe
2Jane,Doe
2John,Doe
Jill,Doe
Joe,Doe
Justin,Doe
Jane,Doe
John,Doe
1Jill,Doe
1Joe,Doe
1Justin,Doe
1Jane,Doe
1John,Doe
2Jill,Doe
2Joe,Doe
2Justin,Doe
2Jane,Doe
2John,Doe
Jill,Doe
Joe,Doe
Justin,Doe
Jane,Doe
John,Doe
1Jill,Doe
1Joe,Doe
1Justin,Doe
1Jane,Doe
1John,Doe
2Jill,Doe
2Joe,Doe
2Justin,Doe
2Jane,Doe
2John,Doe
Jill,Doe
Joe,Doe
Justin,Doe
Jane,Doe
John,Doe
1Jill,Doe
1Joe,Doe
1Justin,Doe
1Jane,Doe
1John,Doe
2Jill,Doe
2Joe,Doe
2Justin,Doe
2Jane,Doe
2John,Doe
Jill,Doe
Joe,Doe
Justin,Doe
Jane,Doe
John,Doe
1Jill,Doe
1Joe,Doe
1Justin,Doe
1Jane,Doe
1John,Doe
2Jill,Doe
2Joe,Doe
2Justin,Doe
2Jane,Doe
2John,Doe
Jill,Doe
Joe,Doe
Justin,Doe
Jane,Doe
John,Doe
1Jill,Doe
1Joe,Doe
1Justin,Doe
1Jane,Doe
1John,Doe
2Jill,Doe
2Joe,Doe
2Justin,Doe
2Jane,Doe
2John,Doe
Jill,Doe
Joe,Doe
Justin,Doe
Jane,Doe
John,Doe
1Jill,Doe
1Joe,Doe
1Justin,Doe
1Jane,Doe
1John,Doe
2Jill,Doe
2Joe,Doe
2Justin,Doe
2Jane,Doe
2John,Doe
Jill,Doe
Joe,Doe
Justin,Doe
Jane,Doe
John,Doe
1Jill,Doe
1Joe,Doe
1Justin,Doe
1Jane,Doe
1John,Doe
2Jill,Doe
2Joe,Doe
2Justin,Doe
2Jane,Doe
2John,Doe
Jill,Doe
Joe,Doe
Justin,Doe
Jane,Doe
John,Doe
1Jill,Doe
1Joe,Doe
1Justin,Doe
1Jane,Doe
1John,Doe
2Jill,Doe
2Joe,Doe
2Justin,Doe
2Jane,Doe
2John,Doe
Jill,Doe
Joe,Doe
Justin,Doe
Jane,Doe
John,Doe
1Jill,Doe
1Joe,Doe
1Justin,Doe
1Jane,Doe
1John,Doe
2Jill,Doe
2Joe,Doe
2Justin,Doe
2Jane,Doe
2John,Doe
Jill,Doe
Joe,Doe
Justin,Doe
Jane,Doe
John,Doe
1Jill,Doe
1Joe,Doe
1Justin,Doe
1Jane,Doe
1John,Doe
2Jill,Doe
2Joe,Doe
2Justin,Doe
2Jane,Doe
2John,Doe
Jill,Doe
Joe,Doe
Justin,Doe
Jane,Doe
John,Doe
1Jill,Doe
1Joe,Doe
1Justin,Doe
1Jane,Doe
1John,Doe
2Jill,Doe
2Joe,Doe
2Justin,Doe
2Jane,Doe
2John,Doe
Jill,Doe
Joe,Doe
Justin,Doe
Jane,Doe
John,Doe
1Jill,Doe
1Joe,Doe
1Justin,Doe
1Jane,Doe
1John,Doe
2Jill,Doe
2Joe,Doe
2Justin,Doe
2Jane,Doe
2John,Doe
Jill,Doe
Joe,Doe
Justin,Doe
Jane,Doe
John,Doe
1Jill,Doe
1Joe,Doe
1Justin,Doe
1Jane,Doe
1John,Doe
2Jill,Doe
2Joe,Doe
2Justin,Doe
2Jane,Doe
2John,Doe
Jill,Doe
Joe,Doe
Justin,Doe
Jane,Doe
John,Doe
1Jill,Doe
1Joe,Doe
1Justin,Doe
1Jane,Doe
1John,Doe
2Jill,Doe
2Joe,Doe
2Justin,Doe
2Jane,Doe
2John,Doe
Jill,Doe
Joe,Doe
Justin,Doe
Jane,Doe
John,Doe
1Jill,Doe
1Joe,Doe
1Justin,Doe
1Jane,Doe
1John,Doe
2Jill,Doe
2Joe,Doe
2Justin,Doe
2Jane,Doe
2John,Doe
Jill,Doe
Joe,Doe
Justin,Doe
Jane,Doe
John,Doe
1Jill,Doe
1Joe,Doe
1Justin,Doe
1Jane,Doe
1John,Doe
2Jill,Doe
2Joe,Doe
2Justin,Doe
2Jane,Doe
2John,Doe
Jill,Doe
Joe,Doe
Justin,Doe
Jane,Doe
John,Doe
1Jill,Doe
1Joe,Doe
1Justin,Doe
1Jane,Doe
1John,Doe
2Jill,Doe
2Joe,Doe
2Justin,Doe
2Jane,Doe
2John,Doe
Jill,Doe
Joe,Doe
Justin,Doe
Jane,Doe
John,Doe
1Jill,Doe
1Joe,Doe
1Justin,Doe
1Jane,Doe
1John,Doe
2Jill,Doe
2Joe,Doe
2Justin,Doe
2Jane,Doe
2John,Doe
Jill,Doe
Joe,Doe
Justin,Doe
Jane,Doe
John,Doe
1Jill,Doe
1Joe,Doe
1Justin,Doe
1Jane,Doe
1John,Doe
2Jill,Doe
2Joe,Doe
2Justin,Doe
2Jane,Doe
2John,Doe
Jill,Doe
Joe,Doe
Justin,Doe
Jane,Doe
John,Doe
1Jill,Doe
1Joe,Doe
1Justin,Doe
1Jane,Doe
1John,Doe
2Jill,Doe
2Joe,Doe
2Justin,Doe
2Jane,Doe
2John,Doe
Jill,Doe
Joe,Doe
Justin,Doe
Jane,Doe
John,Doe
1Jill,Doe
1Joe,Doe
1Justin,Doe
1Jane,Doe
1John,Doe
2Jill,Doe
2Joe,Doe
2Justin,Doe
2Jane,Doe
2John,Doe
Jill,Doe
Joe,Doe
Justin,Doe
Jane,Doe
John,Doe
1Jill,Doe
1Joe,Doe
1Justin,Doe
1Jane,Doe
1John,Doe
2Jill,Doe
2Joe,Doe
2Justin,Doe
2Jane,Doe
2John,Doe
Jill,Doe
Joe,Doe
Justin,Doe
Jane,Doe
John,Doe
1Jill,Doe
1Joe,Doe
1Justin,Doe
1Jane,Doe
1John,Doe
2Jill,Doe
2Joe,Doe
2Justin,Doe
2Jane,Doe
2John,Doe
Jill,Doe
Joe,Doe
Justin,Doe
Jane,Doe
John,Doe
1Jill,Doe
1Joe,Doe
1Justin,Doe
1Jane,Doe
1John,Doe
2Jill,Doe
2Joe,Doe
2Justin,Doe
2Jane,Doe
2John,Doe
Jill,Doe
Joe,Doe
Justin,Doe
Jane,Doe
John,Doe
1Jill,Doe
1Joe,Doe
1Justin,Doe
1Jane,Doe
1John,Doe
2Jill,Doe
2Joe,Doe
2Justin,Doe
2Jane,Doe
2John,Doe
Jill,Doe
Joe,Doe
Justin,Doe
Jane,Doe
John,Doe
1Jill,Doe
1Joe,Doe
1Justin,Doe
1Jane,Doe
1John,Doe
2Jill,Doe
2Joe,Doe
2Justin,Doe
2Jane,Doe
2John,Doe
Jill,Doe
Joe,Doe
Justin,Doe
Jane,Doe
John,Doe
1Jill,Doe
1Joe,Doe
1Justin,Doe
1Jane,Doe
1John,Doe
2Jill,Doe
2Joe,Doe
2Justin,Doe
2Jane,Doe
2John,Doe
Jill,Doe
Joe,Doe
Justin,Doe
Jane,Doe
John,Doe
1Jill,Doe
1Joe,Doe
1Justin,Doe
1Jane,Doe
1John,Doe
2Jill,Doe
2Joe,Doe
2Justin,Doe
2Jane,Doe
2John,Doe
Jill,Doe
Joe,Doe
Justin,Doe
Jane,Doe
John,Doe
1Jill,Doe
1Joe,Doe
1Justin,Doe
1Jane,Doe
1John,Doe
2Jill,Doe
2Joe,Doe
2Justin,Doe
2Jane,Doe
2John,Doe
Jill,Doe
Joe,Doe
Justin,Doe
Jane,Doe
John,Doe
1Jill,Doe
1Joe,Doe
1Justin,Doe
1Jane,Doe
1John,Doe
2Jill,Doe
2Joe,Doe
2Justin,Doe
2Jane,Doe
2John,Doe
Jill,Doe
Joe,Doe
Justin,Doe
Jane,Doe
John,Doe
1Jill,Doe
1Joe,Doe
1Justin,Doe
1Jane,Doe
1John,Doe
2Jill,Doe
2Joe,Doe
2Justin,Doe
2Jane,Doe
2John,Doe
Jill,Doe
Joe,Doe
Justin,Doe
Jane,Doe
John,Doe
1Jill,Doe
1Joe,Doe
1Justin,Doe
1Jane,Doe
1John,Doe
2Jill,Doe
2Joe,Doe
2Justin,Doe
2Jane,Doe
2John,Doe
Jill,Doe
Joe,Doe
Justin,Doe
Jane,Doe
John,Doe
1Jill,Doe
1Joe,Doe
1Justin,Doe
1Jane,Doe
1John,Doe
2Jill,Doe
2Joe,Doe
2Justin,Doe
2Jane,Doe
2John,Doe
Jill,Doe
Joe,Doe
Justin,Doe
Jane,Doe
John,Doe
1Jill,Doe
1Joe,Doe
1Justin,Doe
1Jane,Doe
1John,Doe
2Jill,Doe
2Joe,Doe
2Justin,Doe
2Jane,Doe
2John,Doe
Jill,Doe
Joe,Doe
Justin,Doe
Jane,Doe
John,Doe
1Jill,Doe
1Joe,Doe
1Justin,Doe
1Jane,Doe
1John,Doe
2Jill,Doe
2Joe,Doe
2Justin,Doe
2Jane,Doe
2John,Doe
Jill,Doe
Joe,Doe
Justin,Doe
Jane,Doe
John,Doe
1Jill,Doe
1Joe,Doe
1Justin,Doe
1Jane,Doe
1John,Doe
2Jill,Doe
2Joe,Doe
2Justin,Doe
2Jane,Doe
2John,Doe
Jill,Doe
Joe,Doe
Justin,Doe
Jane,Doe
John,Doe
1Jill,Doe
1Joe,Doe
1Justin,Doe
1Jane,Doe
1John,Doe
2Jill,Doe
2Joe,Doe
2Justin,Doe
2Jane,Doe
2John,Doe
Jill,Doe
Joe,Doe
Justin,Doe
Jane,Doe
John,Doe
1Jill,Doe
1Joe,Doe
1Justin,Doe
1Jane,Doe
1John,Doe
2Jill,Doe
2Joe,Doe
2Justin,Doe
2Jane,Doe
2John,Doe
Jill,Doe
Joe,Doe
Justin,Doe
Jane,Doe
John,Doe
1Jill,Doe
1Joe,Doe
1Justin,Doe
1Jane,Doe
1John,Doe
2Jill,Doe
2Joe,Doe
2Justin,Doe
2Jane,Doe
2John,Doe
Jill,Doe
Joe,Doe
Justin,Doe
Jane,Doe
John,Doe
1Jill,Doe
1Joe,Doe
1Justin,Doe
1Jane,Doe
1John,Doe
2Jill,Doe
2Joe,Doe
2Justin,Doe
2Jane,Doe
2John,Doe
Jill,Doe
Joe,Doe
Justin,Doe
Jane,Doe
John,Doe
1Jill,Doe
1Joe,Doe
1Justin,Doe
1Jane,Doe
1John,Doe
2Jill,Doe
2Joe,Doe
2Justin,Doe
2Jane,Doe
2John,Doe
Jill,Doe
Joe,Doe
Justin,Doe
Jane,Doe
John,Doe
1Jill,Doe
1Joe,Doe
1Justin,Doe
1Jane,Doe
1John,Doe
2Jill,Doe
2Joe,Doe
2Justin,Doe
2Jane,Doe
2John,Doe
Jill,Doe
Joe,Doe
Justin,Doe
Jane,Doe
John,Doe
1Jill,Doe
1Joe,Doe
1Justin,Doe
1Jane,Doe
1John,Doe
2Jill,Doe
2Joe,Doe
2Justin,Doe
2Jane,Doe
2John,Doe
Jill,Doe
Joe,Doe
Justin,Doe
Jane,Doe
John,Doe
1Jill,Doe
1Joe,Doe
1Justin,Doe
1Jane,Doe
1John,Doe